campaign_id,campaign_name,channel_id,campaign_type,start_date,end_date,budget,spend,impressions,clicks,conversions,revenue_generated,roas,campaign_status
1,Christmas Offers 2025 - YouTube - 001,4,Brand Awareness,2025-10-16,2025-11-14,568106,421455.9,3044120,124575,5888,2001915.53,4.75,Paused
2,Big Savings Week 2024 - Facebook Ads - 002,2,Festival Sale,2024-01-31,2024-02-26,155649,135161.47,543071,21476,880,536591.04,3.97,Completed
3,Fashion Bonanza 2024 - Google Ads - 003,1,Product Launch,2024-01-07,2024-02-11,426064,325766.03,1265459,23508,916,1130408.12,3.47,Completed
4,Kids Promotion 2025 - Affiliate - 004,8,Product Launch,2025-09-10,2025-10-28,361779,358861.15,1907454,65466,4024,1758419.64,4.9,Completed
5,Winter Offers 2025 - Referral - 005,7,Product Launch,2025-08-14,2025-09-22,1721241,1354300.63,10079449,233315,5844,4103530.91,3.03,Completed
6,Christmas Festival 2024 - Affiliate - 006,8,App Install,2024-06-15,2024-08-16,1377440,1226601.35,5674895,133748,5766,3655272.02,2.98,Completed
7,Winter Offers 2024 - Organic Search - 007,6,Product Launch,2024-08-12,2024-10-07,1823444,1293970.7,7319602,178385,5449,8656663.98,6.69,Completed
8,Kids Carnival 2024 - Google Ads - 008,1,Loyalty Campaign,2024-08-05,2024-10-22,655493,486303.11,1913840,64810,3716,1877130.0,3.86,Completed
9,Super Promotion 2025 - Direct - 009,10,Flash Sale,2025-02-12,2025-04-14,1134977,825437.93,6424594,121024,6217,4837066.27,5.86,Completed
10,End of Season Drive 2025 - YouTube - 010,4,App Install,2025-09-02,2025-09-25,1209633,937978.74,4271681,204976,11071,1997894.72,2.13,Completed
11,Grocery Carnival 2024 - Affiliate - 011,8,App Install,2024-09-30,2024-11-27,1051527,737092.66,2948646,118502,8128,4194057.24,5.69,Completed
12,Big Savings Week 2024 - YouTube - 012,4,Brand Awareness,2024-04-18,2024-06-10,517146,385714.26,1499363,50795,2993,1704857.03,4.42,Completed
13,Mega Campaign 2025 - Referral - 013,7,Customer Acquisition,2025-09-05,2025-10-31,1942813,1934257.66,7293045,170517,5463,8936270.39,4.62,Completed
14,Premium Carnival 2024 - Affiliate - 014,8,Seasonal Sale,2024-03-28,2024-06-13,369256,331564.28,1141621,23722,1100,1604771.12,4.84,Completed
15,Home Campaign 2025 - Direct - 015,10,App Install,2025-07-06,2025-08-15,1018762,988081.19,4909293,116235,2696,1600691.53,1.62,Completed
16,Monsoon Sale 2024 - LinkedIn - 016,9,Email Promotion,2024-08-23,2024-11-21,580125,417817.68,3325135,88332,4037,1265987.57,3.03,Completed
17,Smart Shopping Week 2024 - LinkedIn - 017,9,Product Launch,2024-08-07,2024-10-30,1091262,843435.5,4111609,120252,2972,4318389.76,5.12,Completed
18,Winter Festival 2025 - Referral - 018,7,Email Promotion,2025-03-09,2025-05-15,227113,186411.26,1029472,46489,1507,475348.71,2.55,Completed
19,Kids Offers 2024 - Organic Search - 019,6,App Install,2024-05-23,2024-07-31,1933929,1889409.34,9458229,427012,20290,3363148.63,1.78,Completed
20,Diwali Carnival 2024 - Direct - 020,10,Flash Sale,2024-01-16,2024-02-11,952312,805362.96,5081971,147562,3383,2883199.4,3.58,Completed
21,Premium Drive 2024 - Organic Search - 021,6,Product Launch,2024-09-28,2024-12-10,424632,321433.41,2019229,34421,1954,591437.47,1.84,Completed
22,Big Savings Promotion 2024 - Email - 022,5,Seasonal Sale,2024-02-28,2024-03-20,430160,308452.2,1459029,65360,1531,576805.61,1.87,Completed
23,Smart Shopping Offers 2025 - Email - 023,5,Festival Sale,2025-02-17,2025-03-19,1314081,1154230.6,4986121,147952,7276,5055530.03,4.38,Completed
24,Home Carnival 2024 - Organic Search - 024,6,Loyalty Campaign,2024-07-28,2024-09-21,1508636,1348192.92,6664310,316658,21148,2089699.03,1.55,Completed
25,Republic Day Promotion 2025 - Organic Search - 025,6,Email Promotion,2025-07-30,2025-08-26,656165,485389.51,2654990,46217,1488,1490145.8,3.07,Completed
26,Big Savings Sale 2025 - Referral - 026,7,Customer Acquisition,2025-07-10,2025-09-01,1500610,1418273.39,8156238,311720,20868,3176932.39,2.24,Completed
27,New Year Week 2024 - Google Ads - 027,1,Brand Awareness,2024-04-19,2024-07-13,541722,495829.29,3165254,117742,3908,2077524.73,4.19,Completed
28,Winter Sale 2024 - Email - 028,5,Flash Sale,2024-04-04,2024-06-12,799518,744619.71,3172909,76684,4375,3373127.29,4.53,Completed
29,Super Promotion 2025 - LinkedIn - 029,9,Brand Awareness,2025-07-28,2025-08-13,175556,166844.65,742020,14976,394,533902.88,3.2,Completed
30,Mega Campaign 2025 - Facebook Ads - 030,2,Seasonal Sale,2025-01-01,2025-02-11,1736022,1506806.43,5430945,266574,15321,9929854.37,6.59,Completed
31,Summer Carnival 2024 - Direct - 031,10,Seasonal Sale,2024-06-15,2024-07-22,1644687,1607428.57,6162754,181246,9695,8905154.28,5.54,Completed
32,Mega Launch 2024 - Instagram - 032,3,Seasonal Sale,2024-09-30,2024-11-04,1929066,1372756.9,6705396,147418,9718,4694828.6,3.42,Completed
33,Home Campaign 2024 - LinkedIn - 033,9,App Install,2024-08-16,2024-09-03,684272,656426.15,2232437,55296,2879,2428776.76,3.7,Completed
34,Christmas Carnival 2024 - Email - 034,5,Product Launch,2024-12-05,2024-12-23,1317584,1302774.74,7764597,145928,6089,7178288.82,5.51,Completed
35,Smart Shopping Offers 2025 - Affiliate - 035,8,Seasonal Sale,2025-03-22,2025-06-10,634191,452378.56,2279095,75659,4564,2388558.8,5.28,Completed
36,Fashion Week 2025 - Affiliate - 036,8,Product Launch,2025-01-07,2025-03-18,758328,681749.19,4786470,222578,10095,3524643.31,5.17,Completed
37,Republic Day Launch 2025 - Organic Search - 037,6,App Install,2025-02-16,2025-04-09,1494458,1467720.8,6067037,282712,14354,4637997.73,3.16,Completed
38,Grocery Week 2024 - Facebook Ads - 038,2,Retargeting,2024-01-01,2024-02-23,1372261,1230110.8,6038898,184038,5647,5043454.28,4.1,Completed
39,End of Season Campaign 2025 - YouTube - 039,4,Brand Awareness,2025-11-05,2025-11-30,295847,279731.34,1096105,42252,1319,727301.48,2.6,Completed
40,End of Season Festival 2024 - Direct - 040,10,Seasonal Sale,2024-02-17,2024-04-03,1055076,869733.23,3727037,81268,4454,3670274.23,4.22,Completed
41,Mega Launch 2024 - Referral - 041,7,Customer Acquisition,2024-05-31,2024-06-15,558943,420753.29,1438797,47665,1072,1207561.94,2.87,Completed
42,Big Savings Promotion 2025 - Organic Search - 042,6,Flash Sale,2025-04-12,2025-05-14,1348754,1072514.87,4190411,127765,7761,6874820.32,6.41,Completed
43,Back to School Drive 2025 - Email - 043,5,Seasonal Sale,2025-07-15,2025-09-25,643564,595639.74,2196511,54266,3195,2483817.72,4.17,Completed
44,New Year Offers 2024 - Google Ads - 044,1,Retargeting,2024-10-08,2024-12-18,669827,536366.82,1910513,34045,937,1936284.22,3.61,Completed
45,Fashion Promotion 2024 - Affiliate - 045,8,Brand Awareness,2024-08-07,2024-08-30,1077114,888330.67,5649873,167829,10949,4184037.46,4.71,Completed
46,Electronics Bonanza 2025 - Direct - 046,10,Loyalty Campaign,2025-08-12,2025-10-14,1680151,1372676.64,4893756,216551,10158,7604628.59,5.54,Completed
47,Grocery Drive 2024 - Email - 047,5,Retargeting,2024-08-13,2024-10-29,160869,131374.82,546490,23463,1318,804013.9,6.12,Completed
48,Home Week 2025 - Instagram - 048,3,Festival Sale,2025-09-29,2025-12-21,1283615,1153841.43,8539980,256211,16229,2884603.57,2.5,Paused
49,Fashion Campaign 2025 - Google Ads - 049,1,Email Promotion,2025-01-23,2025-03-20,1696414,1635159.88,9613713,464266,19071,9958123.67,6.09,Completed
50,Electronics Offers 2024 - Affiliate - 050,8,Brand Awareness,2024-01-20,2024-04-13,1463450,1054540.87,3607593,59197,1275,3015986.89,2.86,Completed
51,Back to School Festival 2025 - Referral - 051,7,Customer Acquisition,2025-09-28,2025-11-01,1282729,1262624.93,6198267,148563,5711,6098478.41,4.83,Completed
52,Summer Bonanza 2024 - Facebook Ads - 052,2,Seasonal Sale,2024-06-16,2024-08-09,1307533,1180969.28,4037900,116626,6501,2267461.02,1.92,Completed
53,End of Season Festival 2024 - Organic Search - 053,6,App Install,2024-04-14,2024-06-06,1769809,1761231.28,6751262,183311,7592,6234758.73,3.54,Completed
54,Grocery Drive 2025 - Google Ads - 054,1,Retargeting,2025-10-25,2025-12-22,321331,266723.05,1440237,66546,2860,624131.94,2.34,Paused
55,Premium Drive 2025 - Direct - 055,10,Customer Acquisition,2025-06-18,2025-08-06,1074910,892898.01,3549094,86576,5418,5419890.92,6.07,Completed
56,Kids Week 2024 - YouTube - 056,4,Product Launch,2024-10-12,2024-12-23,1379958,1242592.21,6882207,222300,8058,5194035.44,4.18,Completed
57,End of Season Bonanza 2024 - Instagram - 057,3,Seasonal Sale,2024-09-21,2024-11-18,1265578,889758.71,3061258,55091,3085,3728088.99,4.19,Completed
58,Summer Festival 2025 - Referral - 058,7,App Install,2025-05-02,2025-07-18,717056,549608.31,2247687,57804,2836,2253394.07,4.1,Completed
59,Premium Campaign 2024 - Organic Search - 059,6,Customer Acquisition,2024-12-18,2025-02-25,837800,763115.56,4521765,107614,2801,1953575.83,2.56,Completed
60,Back to School Bonanza 2025 - Direct - 060,10,Festival Sale,2025-07-02,2025-08-09,1619564,1420156.92,5529400,198437,13697,8634554.07,6.08,Completed
61,Summer Promotion 2024 - Email - 061,5,Email Promotion,2024-08-20,2024-10-20,365463,285899.29,967925,33265,1825,626119.45,2.19,Completed
62,Back to School Drive 2024 - Facebook Ads - 062,2,Customer Acquisition,2024-04-15,2024-05-01,1023730,821248.27,2795362,66632,4203,1749258.82,2.13,Completed
63,Winter Carnival 2025 - Google Ads - 063,1,Flash Sale,2025-02-14,2025-05-02,412890,389496.74,1339201,24080,780,1780000.1,4.57,Completed
64,Home Drive 2025 - Organic Search - 064,6,Customer Acquisition,2025-09-12,2025-10-25,1028453,811661.22,3592462,107806,5221,1485340.03,1.83,Completed
65,Monsoon Carnival 2024 - Organic Search - 065,6,Festival Sale,2024-07-31,2024-09-11,603033,453567.69,3397213,51276,2180,2163517.88,4.77,Completed
66,New Year Drive 2024 - Instagram - 066,3,Seasonal Sale,2024-02-03,2024-03-18,249274,225895.96,789007,33591,1721,1161105.23,5.14,Completed
67,Super Bonanza 2025 - Referral - 067,7,Festival Sale,2025-03-11,2025-04-09,1833571,1361739.8,10416043,445202,22149,8211290.99,6.03,Completed
68,New Year Launch 2025 - YouTube - 068,4,Product Launch,2025-03-25,2025-04-24,670941,570394.89,2730688,48648,1069,2213132.17,3.88,Completed
69,Diwali Week 2025 - Organic Search - 069,6,Retargeting,2025-09-10,2025-10-27,1331286,1311630.74,4373224,168499,5640,2256004.87,1.72,Paused
70,Christmas Carnival 2025 - Instagram - 070,3,Product Launch,2025-04-26,2025-07-16,1327525,1102861.97,4137323,202385,8803,4135732.39,3.75,Completed
71,Fashion Launch 2025 - Affiliate - 071,8,Customer Acquisition,2025-11-17,2025-12-15,1554739,1319414.8,5514448,160006,9284,2243005.16,1.7,Completed
72,Home Promotion 2024 - Organic Search - 072,6,Product Launch,2024-11-18,2025-01-04,1829997,1823474.46,7649480,260011,10572,4613390.38,2.53,Completed
73,Winter Offers 2025 - Referral - 073,7,Loyalty Campaign,2025-09-29,2025-12-16,660057,570794.78,1988962,60333,3313,1238624.67,2.17,Completed
74,Summer Promotion 2024 - Google Ads - 074,1,Retargeting,2024-09-02,2024-10-07,955618,695654.32,2329670,109383,4711,1495656.79,2.15,Completed
75,Christmas Launch 2025 - Affiliate - 075,8,Loyalty Campaign,2025-05-25,2025-07-16,1850542,1563245.12,7625602,236298,6434,3986275.06,2.55,Completed
76,Christmas Launch 2025 - Instagram - 076,3,Loyalty Campaign,2025-06-04,2025-07-06,812770,796737.72,3768992,164777,5625,2501756.44,3.14,Completed
77,Kids Promotion 2025 - Instagram - 077,3,Seasonal Sale,2025-08-16,2025-11-01,1115737,896536.17,4087330,139051,5946,2931673.28,3.27,Completed
78,Grocery Sale 2024 - YouTube - 078,4,Retargeting,2024-09-01,2024-11-28,767264,708500.44,2869107,124517,4894,3648777.27,5.15,Completed
79,Smart Shopping Campaign 2025 - Referral - 079,7,Retargeting,2025-05-22,2025-06-10,1923893,1404652.33,5162130,95447,6253,2219350.68,1.58,Completed
80,Christmas Campaign 2025 - YouTube - 080,4,Flash Sale,2025-02-23,2025-03-29,1407069,1277353.25,5390344,241550,15125,7957910.75,6.23,Completed
81,Winter Week 2024 - Referral - 081,7,Customer Acquisition,2024-11-20,2025-02-05,243488,187590.72,771369,19329,606,375181.44,2.0,Completed
82,New Year Sale 2025 - Google Ads - 082,1,Flash Sale,2025-10-10,2025-11-06,196450,156632.02,1203922,33163,1377,444834.94,2.84,Completed
83,Monsoon Week 2025 - Instagram - 083,3,Festival Sale,2025-08-02,2025-09-09,1926283,1569464.67,6459653,209411,10294,4363111.78,2.78,Completed
84,Kids Bonanza 2025 - Facebook Ads - 084,2,Flash Sale,2025-04-15,2025-06-01,1521053,1314158.52,9859012,474053,32891,4139599.34,3.15,Completed
85,Republic Day Launch 2024 - LinkedIn - 085,9,Festival Sale,2024-09-13,2024-11-25,1889574,1596619.02,9813449,343640,16749,11112468.38,6.96,Completed
86,Smart Shopping Sale 2024 - Google Ads - 086,1,Product Launch,2024-01-23,2024-03-28,1371726,1266859.81,4693620,218735,12858,3509201.67,2.77,Completed
87,Super Festival 2024 - Direct - 087,10,Retargeting,2024-08-12,2024-09-20,1994574,1771655.29,13939497,593841,12867,6218510.07,3.51,Completed
88,Grocery Carnival 2024 - Referral - 088,7,Retargeting,2024-04-02,2024-05-24,521097,385428.32,1775403,86998,4049,2512992.65,6.52,Completed
89,New Year Campaign 2024 - YouTube - 089,4,Flash Sale,2024-09-20,2024-12-05,1786597,1312346.46,4474099,89153,6091,8175918.45,6.23,Completed
90,Home Sale 2025 - LinkedIn - 090,9,Product Launch,2025-07-24,2025-09-23,654609,563599.82,2792012,107629,5770,2660191.15,4.72,Completed
91,End of Season Promotion 2024 - LinkedIn - 091,9,Festival Sale,2024-04-20,2024-06-03,787879,767848.57,4803674,82683,5059,4991015.71,6.5,Completed
92,Winter Sale 2025 - Referral - 092,7,Product Launch,2025-10-26,2026-01-01,738298,737395.96,5233407,121509,5696,2684121.29,3.64,Completed
93,Super Launch 2025 - Affiliate - 093,8,Product Launch,2025-11-17,2026-02-09,1473470,1075200.62,5167185,151316,10225,1806337.04,1.68,Completed
94,Diwali Campaign 2024 - Instagram - 094,3,Festival Sale,2024-08-10,2024-10-20,308361,306596.66,1647303,76697,4006,561071.89,1.83,Completed
95,Kids Festival 2024 - Affiliate - 095,8,Retargeting,2024-07-13,2024-08-12,1489926,1137754.79,4839270,237067,5340,3788723.45,3.33,Completed
96,Premium Offers 2025 - Referral - 096,7,Brand Awareness,2025-08-01,2025-09-11,1329734,1016961.16,3677378,97448,2667,6559399.48,6.45,Completed
97,Premium Bonanza 2024 - Email - 097,5,Seasonal Sale,2024-10-10,2024-11-12,1774604,1335121.79,5586508,88838,1842,7797111.25,5.84,Completed
98,Christmas Sale 2025 - Direct - 098,10,App Install,2025-08-25,2025-10-20,365831,337484.74,1571923,64603,2830,1950661.8,5.78,Paused
99,Diwali Week 2025 - Google Ads - 099,1,Brand Awareness,2025-08-30,2025-09-27,190943,175318.69,618243,23531,825,883606.2,5.04,Completed
100,Grocery Festival 2024 - Email - 100,5,Retargeting,2024-03-03,2024-05-18,1128168,1030830.11,5158245,239726,8655,2391525.86,2.32,Completed
101,Fashion Launch 2024 - Referral - 101,7,App Install,2024-10-08,2025-01-05,1352821,1162299.23,5763406,208577,5205,6229923.87,5.36,Completed
102,Diwali Launch 2024 - Referral - 102,7,Festival Sale,2024-08-08,2024-10-17,810791,768812.92,4009006,162510,5789,2475577.6,3.22,Completed
103,Back to School Festival 2025 - Referral - 103,7,App Install,2025-01-18,2025-02-21,291312,276609.94,2022277,37168,2116,1648595.24,5.96,Completed
104,Premium Campaign 2024 - Affiliate - 104,8,Brand Awareness,2024-03-02,2024-05-31,1505119,1108775.09,6037512,231157,13294,6952019.81,6.27,Completed
105,Smart Shopping Promotion 2024 - Google Ads - 105,1,Customer Acquisition,2024-10-21,2024-12-14,546145,407653.03,1971299,88027,3301,1858897.82,4.56,Completed
106,Grocery Promotion 2024 - Google Ads - 106,1,Festival Sale,2024-10-12,2025-01-08,1709422,1616306.46,7013904,262982,5604,10683785.7,6.61,Completed
107,New Year Campaign 2024 - Organic Search - 107,6,Brand Awareness,2024-01-30,2024-03-08,836149,586835.9,2121794,73883,2958,1337985.85,2.28,Completed
108,Grocery Drive 2024 - Direct - 108,10,Brand Awareness,2024-04-03,2024-06-24,814910,608919.32,3457907,91127,6111,2910634.35,4.78,Completed
109,Winter Festival 2024 - Affiliate - 109,8,App Install,2024-06-08,2024-07-13,670641,558599.62,2845314,103135,4198,1502632.98,2.69,Completed
110,New Year Week 2024 - Affiliate - 110,8,Seasonal Sale,2024-04-26,2024-06-24,1120542,961514.94,5478234,124455,8615,1730726.89,1.8,Completed
111,Christmas Bonanza 2024 - YouTube - 111,4,Seasonal Sale,2024-11-04,2024-12-16,788122,580054.09,2768366,83252,2202,2569639.62,4.43,Completed
112,Electronics Festival 2025 - LinkedIn - 112,9,Loyalty Campaign,2025-05-27,2025-08-21,932718,894037.54,7005772,109682,7245,5578794.25,6.24,Completed
113,Grocery Bonanza 2025 - Instagram - 113,3,Product Launch,2025-03-15,2025-06-11,341536,280575.13,954610,20061,1351,1130717.77,4.03,Completed
114,Diwali Launch 2024 - Direct - 114,10,Retargeting,2024-03-31,2024-06-09,1334952,1094840.78,8160923,371063,21258,2977966.92,2.72,Completed
115,Big Savings Promotion 2024 - YouTube - 115,4,Seasonal Sale,2024-03-19,2024-06-07,506645,492345.87,2692068,108916,6638,2944228.3,5.98,Completed
116,Weekend Week 2024 - Referral - 116,7,Loyalty Campaign,2024-04-15,2024-05-18,420591,390335.61,1640123,34770,2038,1647216.27,4.22,Completed
117,Smart Shopping Week 2025 - Referral - 117,7,Festival Sale,2025-08-16,2025-10-27,777816,746138.71,3203698,64982,1521,2932325.13,3.93,Completed
118,Big Savings Festival 2024 - YouTube - 118,4,Customer Acquisition,2024-10-08,2025-01-06,750972,629707.1,4967346,138617,4762,3180020.85,5.05,Completed
119,Smart Shopping Promotion 2025 - LinkedIn - 119,9,Loyalty Campaign,2025-09-21,2025-12-09,1760562,1622668.29,12738390,596370,28973,4121577.46,2.54,Completed
120,Winter Drive 2025 - LinkedIn - 120,9,Brand Awareness,2025-05-02,2025-07-20,317059,299078.6,1104720,54554,1321,1510346.93,5.05,Completed
121,Big Savings Promotion 2024 - LinkedIn - 121,9,Loyalty Campaign,2024-09-10,2024-11-20,1378854,1030864.15,5509302,137188,5547,3463703.54,3.36,Completed
122,Mega Promotion 2024 - Direct - 122,10,Retargeting,2024-02-23,2024-04-20,1522664,1242447.02,7513623,336646,22966,5976170.17,4.81,Completed
123,Super Campaign 2024 - Affiliate - 123,8,Festival Sale,2024-12-07,2025-01-01,750603,743328.87,3025026,86874,4322,4950570.27,6.66,Completed
124,Fashion Carnival 2025 - LinkedIn - 124,9,Flash Sale,2025-07-26,2025-09-27,1505335,1371133.27,4720240,235543,15456,2755977.87,2.01,Completed
125,New Year Carnival 2025 - Direct - 125,10,Festival Sale,2025-06-04,2025-08-04,549194,440739.01,1708899,37117,2598,1035736.67,2.35,Paused
126,Big Savings Sale 2024 - YouTube - 126,4,Loyalty Campaign,2024-04-13,2024-07-01,1488166,1192064.59,4621563,90521,3515,2849034.37,2.39,Completed
127,Electronics Offers 2024 - YouTube - 127,4,Email Promotion,2024-06-18,2024-08-28,1031552,911044.68,3566704,151345,4797,2569146.0,2.82,Paused
128,Smart Shopping Drive 2024 - LinkedIn - 128,9,Seasonal Sale,2024-07-17,2024-09-17,1068213,994326.38,3823415,124649,5102,2376440.05,2.39,Completed
129,Winter Drive 2025 - LinkedIn - 129,9,Customer Acquisition,2025-09-11,2025-10-13,1933156,1568492.47,5442887,217165,9945,3434998.51,2.19,Completed
130,Big Savings Carnival 2024 - Facebook Ads - 130,2,Brand Awareness,2024-06-13,2024-08-01,1842831,1531838.1,5275753,120135,5112,5238886.3,3.42,Completed
131,Electronics Offers 2025 - Affiliate - 131,8,Product Launch,2025-02-28,2025-03-21,909849,908354.67,4844964,77454,5153,5559130.58,6.12,Completed
132,Back to School Carnival 2024 - Facebook Ads - 132,2,Retargeting,2024-05-29,2024-06-30,1691405,1541987.72,7681200,116629,2794,4487184.27,2.91,Paused
133,New Year Offers 2025 - Google Ads - 133,1,Email Promotion,2025-07-15,2025-10-05,731559,538833.08,3307365,123574,6319,996841.2,1.85,Completed
134,Big Savings Week 2025 - Email - 134,5,Retargeting,2025-09-03,2025-11-25,607381,556095.75,3225071,48552,1827,2580284.28,4.64,Paused
135,Electronics Festival 2025 - Facebook Ads - 135,2,Brand Awareness,2025-11-11,2025-12-06,1203226,1038654.27,3971085,130119,2734,6543521.9,6.3,Completed
136,Christmas Sale 2025 - Affiliate - 136,8,Product Launch,2025-10-12,2025-12-15,848880,795023.66,4366715,177519,9126,4563435.81,5.74,Completed
137,Fashion Carnival 2024 - Direct - 137,10,Customer Acquisition,2024-05-16,2024-06-05,1841440,1719431.3,8443811,332167,17135,10247810.55,5.96,Completed
138,Winter Offers 2025 - Facebook Ads - 138,2,Festival Sale,2025-04-13,2025-05-02,1957637,1394956.89,4843486,160021,11114,6263356.44,4.49,Completed
139,Winter Campaign 2024 - LinkedIn - 139,9,Flash Sale,2024-02-07,2024-03-17,672976,496213.81,2664328,122910,7026,3185692.66,6.42,Completed
140,Back to School Campaign 2024 - Google Ads - 140,1,Retargeting,2024-12-13,2025-01-20,1772040,1516481.28,5739754,232160,5559,7294274.96,4.81,Completed
141,Monsoon Campaign 2025 - Email - 141,5,Email Promotion,2025-07-12,2025-09-02,1486048,1172034.15,5852421,234788,6652,4617814.55,3.94,Completed
142,Grocery Bonanza 2024 - Instagram - 142,3,Retargeting,2024-02-13,2024-04-13,1441064,1432429.41,4928826,86877,4506,5013502.93,3.5,Completed
143,Kids Sale 2024 - Email - 143,5,Loyalty Campaign,2024-02-01,2024-03-05,364723,262662.57,1009725,28092,1099,1213501.07,4.62,Completed
144,Electronics Drive 2024 - Direct - 144,10,Customer Acquisition,2024-06-06,2024-08-17,1700304,1229431.38,8491420,236428,8445,3725177.08,3.03,Completed
145,Home Promotion 2024 - Referral - 145,7,Email Promotion,2024-01-27,2024-03-05,346962,270121.37,1618926,49570,3460,829272.61,3.07,Completed
146,Monsoon Drive 2024 - Email - 146,5,Product Launch,2024-07-23,2024-08-22,462086,448040.3,2238858,40462,2188,2755447.85,6.15,Completed
147,Premium Promotion 2025 - Direct - 147,10,Product Launch,2025-11-14,2026-01-12,708933,685821.43,2509912,100178,6648,3435965.36,5.01,Completed
148,Republic Day Carnival 2025 - Email - 148,5,App Install,2025-06-04,2025-07-17,596471,558960.08,4481319,154115,5925,3309043.67,5.92,Completed
149,Home Drive 2024 - Affiliate - 149,8,Customer Acquisition,2024-05-12,2024-06-07,1202463,989913.88,5110603,179492,4714,3207320.97,3.24,Completed
150,Electronics Carnival 2025 - Affiliate - 150,8,App Install,2025-04-05,2025-06-18,1941215,1841661.96,8400415,298823,17448,4070072.93,2.21,Completed
151,New Year Carnival 2024 - Referral - 151,7,Customer Acquisition,2024-02-26,2024-03-27,439669,350327.48,1414437,38346,2570,2249102.42,6.42,Completed
152,Premium Bonanza 2024 - Organic Search - 152,6,Loyalty Campaign,2024-09-13,2024-10-23,362501,321722.07,1395169,25489,1326,1528179.83,4.75,Completed
153,End of Season Campaign 2024 - Instagram - 153,3,Loyalty Campaign,2024-06-06,2024-07-12,1866913,1824308.02,14317846,647629,15582,12259349.89,6.72,Completed
154,Grocery Week 2024 - YouTube - 154,4,Seasonal Sale,2024-09-28,2024-11-08,1440061,1021126.76,3646628,124332,6477,3226760.56,3.16,Completed
155,Winter Carnival 2025 - Affiliate - 155,8,Product Launch,2025-02-19,2025-04-13,1021919,842762.83,4139314,111375,3027,5258840.06,6.24,Completed
156,Electronics Promotion 2024 - Google Ads - 156,1,Brand Awareness,2024-12-19,2025-02-23,1277867,935213.58,5719512,110319,4686,2122934.83,2.27,Completed
157,Grocery Offers 2024 - YouTube - 157,4,Retargeting,2024-10-24,2024-12-27,1914681,1858567.92,6975925,332621,18645,4720762.52,2.54,Completed
158,New Year Drive 2025 - Affiliate - 158,8,Brand Awareness,2025-05-25,2025-08-13,148604,108037.3,566281,17556,562,508855.68,4.71,Completed
159,Back to School Bonanza 2024 - Google Ads - 159,1,Flash Sale,2024-02-21,2024-04-12,1225522,860871.88,6177790,121626,4040,3021660.3,3.51,Completed
160,Smart Shopping Promotion 2025 - Affiliate - 160,8,Loyalty Campaign,2025-01-09,2025-01-29,508221,411027.36,2390412,68179,2898,1857843.67,4.52,Completed
161,Mega Launch 2025 - Instagram - 161,3,App Install,2025-11-27,2025-12-27,882653,828342.63,4575584,219002,12646,2145407.41,2.59,Completed
162,Winter Carnival 2025 - Affiliate - 162,8,Product Launch,2025-02-15,2025-05-05,1596510,1277067.84,6221285,192826,9701,5542474.43,4.34,Paused
163,End of Season Bonanza 2025 - Facebook Ads - 163,2,Brand Awareness,2025-09-19,2025-11-13,1345130,1077330.81,4003576,134647,7464,3393592.05,3.15,Completed
164,Grocery Week 2025 - Referral - 164,7,Loyalty Campaign,2025-01-12,2025-03-10,745247,699806.64,2792988,109154,2328,2876205.29,4.11,Completed
165,Smart Shopping Drive 2025 - Google Ads - 165,1,Seasonal Sale,2025-08-14,2025-09-27,457589,392277.18,1570283,66126,2579,2361508.62,6.02,Completed
166,Mega Offers 2024 - Email - 166,5,Loyalty Campaign,2024-02-02,2024-04-30,139714,116285.58,595175,17530,529,495376.57,4.26,Completed
167,Big Savings Offers 2025 - YouTube - 167,4,App Install,2025-04-27,2025-05-19,1276264,1017839.51,4255167,142087,5070,2493706.8,2.45,Completed
168,Christmas Week 2024 - Instagram - 168,3,Festival Sale,2024-12-16,2025-03-10,1115399,845114.68,5141430,177549,5547,5789035.56,6.85,Completed
169,Back to School Campaign 2024 - Email - 169,5,App Install,2024-10-22,2024-12-02,1106220,890109.91,3089950,132370,4457,1931538.5,2.17,Completed
170,Super Bonanza 2025 - Email - 170,5,Email Promotion,2025-01-23,2025-03-29,188219,147994.55,595442,16150,680,430664.14,2.91,Completed
171,Christmas Promotion 2024 - YouTube - 171,4,App Install,2024-08-07,2024-09-16,1559977,1219100.87,8729013,357288,11420,2169999.55,1.78,Completed
172,Grocery Campaign 2024 - Organic Search - 172,6,Retargeting,2024-08-19,2024-10-02,1604408,1350464.18,5566294,110275,7523,9291193.56,6.88,Completed
173,Republic Day Bonanza 2025 - Direct - 173,10,Brand Awareness,2025-02-20,2025-05-06,773537,607709.7,4651458,194921,10255,1689432.97,2.78,Completed
174,Weekend Sale 2024 - Google Ads - 174,1,Brand Awareness,2024-06-28,2024-09-04,1853645,1518317.6,7258804,346835,23621,10005712.98,6.59,Completed
175,Mega Campaign 2024 - Organic Search - 175,6,App Install,2024-01-10,2024-03-03,696769,582711.21,2475027,82544,5321,1305273.11,2.24,Completed
176,Mega Campaign 2025 - YouTube - 176,4,Festival Sale,2025-04-24,2025-06-12,440775,405220.22,1712019,68739,1423,1357487.74,3.35,Completed
177,Home Launch 2025 - Email - 177,5,Seasonal Sale,2025-08-04,2025-09-12,1180621,942581.83,4905448,89958,6214,3892862.96,4.13,Completed
178,Kids Bonanza 2024 - Organic Search - 178,6,Brand Awareness,2024-01-07,2024-02-24,791274,625568.37,2501084,38517,2029,3321768.04,5.31,Completed
179,Weekend Launch 2025 - Email - 179,5,Festival Sale,2025-11-14,2025-12-14,1538800,1309143.55,4656863,184525,6559,2814658.63,2.15,Completed
180,Super Drive 2025 - Direct - 180,10,App Install,2025-01-11,2025-02-23,421253,352375.44,1182504,33201,1829,2297487.87,6.52,Completed
181,End of Season Festival 2025 - Affiliate - 181,8,App Install,2025-11-11,2025-12-23,1202067,1002553.2,4064219,72073,3474,1844697.89,1.84,Completed
182,Super Carnival 2025 - YouTube - 182,4,App Install,2025-06-01,2025-07-11,788112,753707.6,3777390,146601,8187,3158034.84,4.19,Completed
183,Big Savings Launch 2025 - Direct - 183,10,Festival Sale,2025-04-01,2025-04-23,1057975,919563.68,4168778,160693,5689,1489693.16,1.62,Completed
184,Winter Launch 2024 - LinkedIn - 184,9,Email Promotion,2024-01-04,2024-02-15,822529,748596.36,3443256,58910,3812,5180286.81,6.92,Completed
185,Super Launch 2024 - Email - 185,5,App Install,2024-02-02,2024-03-24,885301,883403.78,4677897,212548,13887,3153751.49,3.57,Completed
186,Premium Launch 2024 - Facebook Ads - 186,2,Email Promotion,2024-05-16,2024-07-14,1209063,892535.3,3013587,133257,7703,6140642.86,6.88,Completed
187,Home Offers 2025 - Direct - 187,10,Brand Awareness,2025-11-20,2026-02-12,619070,518896.79,3507911,75759,4830,2962900.67,5.71,Completed
188,Summer Offers 2025 - LinkedIn - 188,9,Seasonal Sale,2025-11-07,2026-01-14,532184,383272.14,1689093,51729,2772,2414614.48,6.3,Completed
189,Premium Offers 2024 - Organic Search - 189,6,Loyalty Campaign,2024-02-15,2024-04-21,1682061,1613296.79,12394727,404518,13940,9663647.77,5.99,Completed
190,Fashion Offers 2024 - Email - 190,5,App Install,2024-11-22,2025-02-18,732845,705639.96,2372495,78870,3208,2123976.28,3.01,Completed
191,Grocery Promotion 2025 - Referral - 191,7,Flash Sale,2025-08-28,2025-10-04,1139392,813600.21,4470461,167714,6550,3563568.92,4.38,Completed
192,Weekend Promotion 2025 - Affiliate - 192,8,Brand Awareness,2025-02-22,2025-03-28,1093040,844144.36,5257434,236657,6441,3418784.66,4.05,Completed
193,Premium Promotion 2025 - YouTube - 193,4,Product Launch,2025-07-29,2025-10-04,381212,311269.4,1876256,49831,1193,1235739.52,3.97,Completed
194,Republic Day Sale 2024 - LinkedIn - 194,9,Loyalty Campaign,2024-04-04,2024-06-26,663004,539121.96,2355329,38590,912,3196993.22,5.93,Completed
195,Republic Day Campaign 2025 - Affiliate - 195,8,Email Promotion,2025-11-18,2026-02-12,735831,726343.14,5916770,282825,19261,1561637.75,2.15,Completed
196,Diwali Promotion 2024 - Instagram - 196,3,App Install,2024-09-05,2024-10-16,774475,722317.33,3831533,129037,4898,2123612.95,2.94,Completed
197,Back to School Campaign 2025 - Instagram - 197,3,Festival Sale,2025-05-24,2025-08-06,525989,426688.31,2193686,76095,2363,981383.11,2.3,Completed
198,Grocery Bonanza 2025 - Direct - 198,10,Product Launch,2025-07-20,2025-10-17,419629,318438.63,1972936,68939,2225,1442526.99,4.53,Completed
199,Back to School Drive 2024 - Referral - 199,7,App Install,2024-09-20,2024-12-06,452811,416509.9,2271149,45192,2138,1045439.85,2.51,Completed
200,Monsoon Sale 2025 - Organic Search - 200,6,Seasonal Sale,2025-10-19,2025-11-10,1702934,1195315.17,8257877,306157,7163,2785084.35,2.33,Completed
201,End of Season Week 2025 - Instagram - 201,3,Festival Sale,2025-06-01,2025-08-13,1113352,999551.06,8137564,273645,11100,1589286.19,1.59,Completed
202,Grocery Carnival 2025 - Email - 202,5,Product Launch,2025-07-02,2025-08-22,324429,316452.8,1476065,34589,1763,914548.59,2.89,Paused
203,Home Drive 2024 - Referral - 203,7,Brand Awareness,2024-09-30,2024-12-04,1284895,993175.48,4045479,103156,6334,1926760.43,1.94,Completed
204,Premium Drive 2024 - YouTube - 204,4,Product Launch,2024-04-05,2024-06-10,217681,193959.09,786813,14079,876,979493.4,5.05,Completed
205,Winter Offers 2025 - Affiliate - 205,8,Festival Sale,2025-08-02,2025-08-29,543373,527279.32,2155576,75094,2519,3469497.93,6.58,Completed
206,Weekend Campaign 2025 - LinkedIn - 206,9,Customer Acquisition,2025-07-10,2025-10-05,132837,131301.5,581838,24046,1337,484502.53,3.69,Completed
207,Smart Shopping Launch 2024 - Google Ads - 207,1,Customer Acquisition,2024-11-02,2024-12-07,1519845,1472665.56,8194615,339636,9169,10220298.99,6.94,Completed
208,Grocery Offers 2025 - Referral - 208,7,Product Launch,2025-05-27,2025-07-25,1858828,1343571.05,5868906,214128,10659,9176590.27,6.83,Completed
209,Kids Drive 2024 - LinkedIn - 209,9,Customer Acquisition,2024-01-31,2024-03-20,578440,466652.63,1612451,48558,2621,2393927.99,5.13,Completed
210,Monsoon Festival 2025 - Google Ads - 210,1,Customer Acquisition,2025-09-25,2025-11-16,661978,494011.87,1991165,74044,4219,1600598.46,3.24,Completed
211,Kids Campaign 2024 - Affiliate - 211,8,Flash Sale,2024-04-03,2024-04-18,1696659,1324971.8,9210706,198570,8427,6028621.69,4.55,Completed
212,Premium Festival 2024 - Organic Search - 212,6,Customer Acquisition,2024-04-15,2024-05-03,1351841,1188826.74,6663921,189810,6565,4315441.07,3.63,Completed
213,Weekend Launch 2025 - Google Ads - 213,1,Flash Sale,2025-07-26,2025-09-10,455470,337800.24,1939111,62554,1448,1314042.93,3.89,Completed
214,Electronics Bonanza 2024 - Affiliate - 214,8,Brand Awareness,2024-11-02,2025-01-17,617136,565463.1,2702404,98863,4240,1272291.97,2.25,Completed
215,Home Campaign 2025 - Direct - 215,10,Product Launch,2025-02-09,2025-04-07,1023214,819001.84,3069887,138399,9509,1842754.14,2.25,Completed
216,Weekend Launch 2025 - Direct - 216,10,Flash Sale,2025-09-09,2025-10-19,769280,605757.57,2471547,79547,3881,1714293.92,2.83,Completed
217,Smart Shopping Offers 2024 - Affiliate - 217,8,Seasonal Sale,2024-10-14,2024-12-18,1341990,1340888.87,8799239,368394,7863,7374888.79,5.5,Completed
218,Monsoon Launch 2025 - Facebook Ads - 218,2,Flash Sale,2025-03-24,2025-05-15,1511336,1284319.68,5488534,128819,6818,6973855.86,5.43,Completed
219,Back to School Week 2024 - Referral - 219,7,Product Launch,2024-03-16,2024-05-27,940549,809163.92,2826978,128449,5255,1375578.66,1.7,Completed
220,Diwali Campaign 2025 - Google Ads - 220,1,Product Launch,2025-07-03,2025-07-28,448837,401305.14,3135847,154993,8350,1484829.02,3.7,Completed
221,Christmas Offers 2025 - Instagram - 221,3,Email Promotion,2025-03-16,2025-04-13,1170965,1082037.13,4908559,191768,5954,3852052.18,3.56,Paused
222,Super Campaign 2025 - Instagram - 222,3,Retargeting,2025-11-26,2026-02-24,151511,128001.24,739131,34901,847,776967.53,6.07,Completed
223,Republic Day Promotion 2024 - Facebook Ads - 223,2,Brand Awareness,2024-12-22,2025-02-14,1112769,895211.63,6507215,262044,11168,1674045.75,1.87,Completed
224,Mega Carnival 2024 - Facebook Ads - 224,2,Seasonal Sale,2024-04-27,2024-05-14,1652919,1277993.8,8441086,173926,8347,8652018.03,6.77,Completed
225,Grocery Launch 2025 - Google Ads - 225,1,Seasonal Sale,2025-02-18,2025-03-28,161220,148518.53,532405,16363,678,225748.17,1.52,Completed
226,Monsoon Week 2024 - Organic Search - 226,6,Email Promotion,2024-07-29,2024-09-17,313389,294538.87,1359577,37799,1128,627367.79,2.13,Completed
227,End of Season Launch 2025 - Referral - 227,7,Festival Sale,2025-06-24,2025-08-18,1331038,977340.77,5330253,165371,4733,5082172.0,5.2,Completed
228,Super Campaign 2025 - Instagram - 228,3,Loyalty Campaign,2025-09-21,2025-12-20,347173,267868.9,1899095,53299,1442,975042.8,3.64,Completed
229,Weekend Drive 2024 - Facebook Ads - 229,2,Festival Sale,2024-05-21,2024-08-17,1432743,1233898.02,4322656,205647,5894,2986033.21,2.42,Completed
230,Kids Week 2024 - Google Ads - 230,1,App Install,2024-05-23,2024-06-30,212430,203859.87,699752,22364,665,735934.13,3.61,Completed
231,Back to School Launch 2025 - Facebook Ads - 231,2,Festival Sale,2025-06-01,2025-08-18,1589276,1512939.17,7274938,130173,2804,8608623.88,5.69,Completed
232,New Year Carnival 2024 - Facebook Ads - 232,2,Customer Acquisition,2024-02-03,2024-03-24,1737330,1454486.45,5734151,239728,11383,3083511.27,2.12,Completed
233,Electronics Promotion 2024 - Referral - 233,7,Seasonal Sale,2024-10-01,2024-12-24,1825140,1691970.25,6588650,200610,6204,6497165.76,3.84,Completed
234,Electronics Festival 2024 - Facebook Ads - 234,2,Product Launch,2024-10-31,2024-11-19,1020796,979542.72,6940737,301339,9189,5446257.52,5.56,Completed
235,Super Offers 2025 - Instagram - 235,3,Product Launch,2025-09-16,2025-11-24,1806095,1376393.96,10532197,287302,9783,6138717.06,4.46,Completed
236,Big Savings Festival 2024 - Organic Search - 236,6,Retargeting,2024-10-26,2024-12-17,384350,380057.42,1453794,68556,4773,2382960.02,6.27,Completed
237,Fashion Offers 2024 - YouTube - 237,4,Flash Sale,2024-05-15,2024-06-30,1696925,1617282.7,8481385,169424,8745,8005549.37,4.95,Completed
238,Monsoon Launch 2025 - Google Ads - 238,1,Loyalty Campaign,2025-04-07,2025-05-01,1181319,1092650.04,4458947,203801,8709,4567277.17,4.18,Completed
239,Kids Campaign 2024 - Organic Search - 239,6,Festival Sale,2024-01-03,2024-01-29,1882802,1353733.14,6261589,141662,5876,3614467.48,2.67,Completed
240,Smart Shopping Carnival 2024 - Email - 240,5,Email Promotion,2024-11-26,2025-01-16,1287286,1230293.69,4697666,217480,12638,2153013.96,1.75,Completed
241,Weekend Drive 2024 - Referral - 241,7,Festival Sale,2024-01-17,2024-02-16,1057387,740385.32,2531701,55902,3042,1651059.26,2.23,Completed
242,Electronics Bonanza 2024 - Email - 242,5,Seasonal Sale,2024-06-11,2024-07-31,272848,221430.65,783314,16287,648,704149.47,3.18,Completed
243,Summer Offers 2025 - Organic Search - 243,6,Product Launch,2025-03-15,2025-04-10,1099936,795673.48,3507296,116374,4917,1225337.16,1.54,Completed
244,Back to School Festival 2024 - YouTube - 244,4,Retargeting,2024-05-03,2024-07-11,580136,472765.0,1879501,34930,1245,3002057.75,6.35,Completed
245,Super Festival 2025 - Affiliate - 245,8,Retargeting,2025-01-26,2025-02-27,1212556,1053695.84,4584127,95093,3571,2813367.89,2.67,Completed
246,Monsoon Festival 2025 - Facebook Ads - 246,2,Retargeting,2025-02-25,2025-05-07,393628,364394.7,1611486,45832,3124,1176994.88,3.23,Completed
247,Diwali Promotion 2024 - Facebook Ads - 247,2,Festival Sale,2024-09-10,2024-10-30,1360386,1197142.89,5219339,220589,12027,7374400.2,6.16,Completed
248,Republic Day Launch 2024 - Organic Search - 248,6,Seasonal Sale,2024-07-29,2024-10-18,719796,643390.33,2464301,105428,3370,2329072.99,3.62,Completed
249,Summer Campaign 2025 - Email - 249,5,Email Promotion,2025-05-26,2025-06-19,763691,564821.94,2054297,71681,2743,2970963.4,5.26,Completed
250,Summer Bonanza 2024 - YouTube - 250,4,App Install,2024-03-15,2024-04-01,552445,393312.15,3005034,128090,5806,1950828.26,4.96,Completed
251,Monsoon Promotion 2025 - Direct - 251,10,Retargeting,2025-03-01,2025-05-09,1227545,1086149.14,6391210,165191,7526,2845710.75,2.62,Completed
252,Monsoon Bonanza 2025 - Email - 252,5,Customer Acquisition,2025-07-03,2025-08-28,1565229,1301090.05,4461639,104189,3357,8574183.43,6.59,Completed
253,Weekend Festival 2025 - Email - 253,5,Festival Sale,2025-04-09,2025-05-01,126560,115469.57,468874,9721,657,505756.72,4.38,Completed
254,Christmas Festival 2024 - LinkedIn - 254,9,Loyalty Campaign,2024-06-19,2024-08-20,1717806,1666218.96,9241267,277481,12817,4915345.93,2.95,Completed
255,Big Savings Campaign 2025 - Direct - 255,10,Loyalty Campaign,2025-10-04,2025-10-28,216264,183799.1,827776,23069,755,380464.14,2.07,Completed
256,Big Savings Sale 2025 - Google Ads - 256,1,Retargeting,2025-11-21,2025-12-20,192354,184199.48,1507214,25033,956,1208348.59,6.56,Completed
257,Grocery Offers 2024 - Organic Search - 257,6,Customer Acquisition,2024-02-06,2024-05-01,774867,600118.18,2106758,55192,3383,2784548.36,4.64,Completed
258,Big Savings Sale 2025 - Google Ads - 258,1,App Install,2025-05-29,2025-06-19,940800,678013.8,3328214,82808,5154,2237445.54,3.3,Completed
259,New Year Week 2025 - Referral - 259,7,Seasonal Sale,2025-04-12,2025-04-28,1745230,1380778.49,5949345,185842,9214,5813077.44,4.21,Completed
260,Grocery Sale 2025 - Instagram - 260,3,Flash Sale,2025-07-13,2025-08-28,588631,507672.79,2165197,85029,1741,1695627.12,3.34,Completed
261,Diwali Launch 2024 - Direct - 261,10,Seasonal Sale,2024-11-10,2024-12-08,1131859,1118679.09,3791352,75762,2575,1946501.62,1.74,Completed
262,Electronics Drive 2025 - Organic Search - 262,6,Loyalty Campaign,2025-06-16,2025-08-22,1668458,1210417.44,8822036,173555,10586,2311897.31,1.91,Completed
263,Super Offers 2024 - Affiliate - 263,8,Product Launch,2024-03-04,2024-05-13,711688,553904.84,3134690,134881,7423,3068632.81,5.54,Completed
264,Republic Day Carnival 2025 - Instagram - 264,3,Customer Acquisition,2025-04-08,2025-05-27,1735646,1615962.77,11574411,216418,9193,5219559.75,3.23,Completed
265,Republic Day Drive 2025 - Affiliate - 265,8,Loyalty Campaign,2025-07-02,2025-08-31,746568,626373.52,2290659,41609,2512,1985604.06,3.17,Completed
266,Fashion Carnival 2024 - Direct - 266,10,Retargeting,2024-02-11,2024-03-24,291287,266046.17,903959,26095,585,835384.97,3.14,Completed
267,Premium Promotion 2024 - Facebook Ads - 267,2,Seasonal Sale,2024-02-01,2024-04-07,623978,454516.55,3285424,140561,3664,836310.45,1.84,Completed
268,Electronics Festival 2024 - Referral - 268,7,Email Promotion,2024-05-13,2024-06-22,1321221,1157172.42,4058301,71525,4996,2997076.57,2.59,Completed
269,Fashion Festival 2024 - Affiliate - 269,8,Email Promotion,2024-05-11,2024-06-06,189540,186257.96,1442576,68298,2845,1020693.62,5.48,Completed
270,Weekend Campaign 2024 - Affiliate - 270,8,Loyalty Campaign,2024-01-31,2024-04-03,550292,535154.16,3157312,96646,2651,2611552.3,4.88,Completed
271,Premium Drive 2024 - Organic Search - 271,6,Seasonal Sale,2024-09-08,2024-10-30,227882,165514.45,876003,25993,1355,973224.97,5.88,Completed
272,Home Campaign 2025 - LinkedIn - 272,9,Retargeting,2025-10-07,2025-12-30,1105971,954845.97,4607389,216287,9758,3475639.33,3.64,Completed
273,Summer Bonanza 2024 - Referral - 273,7,Retargeting,2024-01-27,2024-03-22,222874,210080.18,1025265,28205,1387,584022.9,2.78,Completed
274,Christmas Promotion 2024 - Email - 274,5,Flash Sale,2024-04-12,2024-05-28,1811874,1698398.44,6721782,280578,18908,7931520.71,4.67,Completed
275,Smart Shopping Campaign 2024 - LinkedIn - 275,9,Loyalty Campaign,2024-12-29,2025-02-04,1790745,1650048.91,8939431,319179,17609,5659667.76,3.43,Completed
276,Republic Day Drive 2025 - Direct - 276,10,App Install,2025-07-31,2025-09-02,1236917,980523.8,4707752,85488,2704,2647414.26,2.7,Completed
277,End of Season Offers 2025 - LinkedIn - 277,9,Brand Awareness,2025-05-04,2025-05-19,1791238,1323987.95,5316179,250696,15596,4342680.48,3.28,Completed
278,Super Festival 2024 - Direct - 278,10,Loyalty Campaign,2024-05-31,2024-08-29,1875199,1608711.59,8663884,151952,8391,8268777.57,5.14,Completed
279,Super Carnival 2024 - Referral - 279,7,App Install,2024-04-13,2024-06-10,1635853,1610674.05,6135161,298310,15649,3962258.16,2.46,Completed
280,Smart Shopping Carnival 2025 - Affiliate - 280,8,Loyalty Campaign,2025-09-20,2025-11-19,893528,707716.14,2901311,56451,3186,4755852.46,6.72,Completed
281,End of Season Campaign 2025 - LinkedIn - 281,9,Customer Acquisition,2025-02-04,2025-05-02,1796191,1778695.21,11133465,387380,25890,4037638.13,2.27,Paused
282,Weekend Festival 2024 - Google Ads - 282,1,Seasonal Sale,2024-08-31,2024-10-29,1823149,1663969.39,7079561,325892,13795,4925349.39,2.96,Completed
283,Mega Sale 2024 - Direct - 283,10,Flash Sale,2024-03-10,2024-05-08,200972,163949.17,650940,31843,2045,690226.01,4.21,Completed
284,Back to School Week 2024 - Instagram - 284,3,Brand Awareness,2024-12-25,2025-03-19,1465182,1358916.84,8461241,260564,15623,2282980.29,1.68,Completed
285,Monsoon Campaign 2024 - Direct - 285,10,Product Launch,2024-11-22,2025-01-09,456736,441380.25,2963023,52223,3503,3036696.12,6.88,Completed
286,Grocery Carnival 2025 - YouTube - 286,4,App Install,2025-08-31,2025-11-15,1373637,1328205.3,8957493,166107,5029,3373641.46,2.54,Completed
287,New Year Offers 2025 - Google Ads - 287,1,Flash Sale,2025-07-07,2025-08-24,301150,215289.31,965775,42875,1186,749206.8,3.48,Completed
288,End of Season Drive 2024 - Affiliate - 288,8,Customer Acquisition,2024-03-30,2024-05-21,518748,378217.13,2405172,89801,6183,1550690.23,4.1,Completed
289,Christmas Festival 2024 - Email - 289,5,Festival Sale,2024-11-11,2025-01-15,1446091,1248320.43,8144126,374566,14409,4930865.7,3.95,Completed
290,Christmas Week 2025 - Organic Search - 290,6,Flash Sale,2025-03-26,2025-06-08,229267,170881.68,696439,12803,683,1015037.18,5.94,Completed
291,Home Promotion 2025 - Facebook Ads - 291,2,Festival Sale,2025-08-26,2025-10-09,977935,967850.84,3971937,189749,9228,2709982.35,2.8,Completed
292,Winter Promotion 2024 - LinkedIn - 292,9,Email Promotion,2024-03-21,2024-05-25,1297935,1259174.14,4768134,184592,9416,2719816.14,2.16,Completed
293,Republic Day Carnival 2024 - Referral - 293,7,Loyalty Campaign,2024-06-26,2024-08-01,189497,156716.38,526087,15908,1111,775746.08,4.95,Completed
294,Monsoon Festival 2024 - Affiliate - 294,8,Brand Awareness,2024-09-21,2024-11-15,913902,792270.11,3611574,162455,7470,5181446.52,6.54,Completed
295,Grocery Festival 2025 - Instagram - 295,3,Customer Acquisition,2025-09-30,2025-12-29,969148,721911.27,3252044,115101,7854,1479918.1,2.05,Completed
296,Premium Campaign 2025 - Affiliate - 296,8,Festival Sale,2025-07-30,2025-08-26,1941076,1598023.84,8457487,270601,13651,2732620.77,1.71,Completed
297,Home Sale 2025 - Google Ads - 297,1,Product Launch,2025-02-16,2025-03-21,930037,899226.98,5004910,116690,6684,5898928.99,6.56,Completed
298,New Year Bonanza 2024 - Referral - 298,7,Festival Sale,2024-01-21,2024-03-19,687929,655495.88,2388117,93064,6386,1802613.67,2.75,Completed
299,Grocery Week 2025 - Google Ads - 299,1,App Install,2025-03-29,2025-05-24,1453826,1056620.46,5296104,248758,10039,4395541.11,4.16,Completed
300,Weekend Festival 2025 - Facebook Ads - 300,2,Retargeting,2025-01-17,2025-02-08,752472,686909.73,3566336,150920,6974,3180392.05,4.63,Completed
301,Diwali Sale 2024 - Organic Search - 301,6,Flash Sale,2024-07-16,2024-08-25,1057242,756105.42,4089985,89852,3451,3062226.95,4.05,Completed
302,Diwali Campaign 2025 - Instagram - 302,3,Retargeting,2025-10-12,2025-11-11,1125060,988042.41,6501773,295614,14586,3379105.04,3.42,Completed
303,Home Sale 2024 - Instagram - 303,3,Seasonal Sale,2024-09-21,2024-10-17,441641,422273.45,1621824,36492,1133,1157029.25,2.74,Completed
304,Summer Drive 2024 - YouTube - 304,4,Festival Sale,2024-10-02,2024-12-08,377482,337548.73,1479143,22625,738,2001663.97,5.93,Completed
305,Home Campaign 2025 - LinkedIn - 305,9,Customer Acquisition,2025-10-20,2025-12-09,1062588,824142.84,4039804,156347,9570,3032845.65,3.68,Completed
306,Electronics Promotion 2024 - Instagram - 306,3,Festival Sale,2024-01-08,2024-03-28,1457574,1279942.03,7490216,291777,12863,4287805.8,3.35,Completed
307,Christmas Bonanza 2025 - Direct - 307,10,Loyalty Campaign,2025-10-17,2025-12-12,495019,368778.66,1430564,66505,4008,2179481.88,5.91,Completed
308,Summer Drive 2025 - YouTube - 308,4,Loyalty Campaign,2025-02-17,2025-04-13,719927,559979.29,2866663,81956,1783,3018288.37,5.39,Completed
309,Diwali Promotion 2024 - Affiliate - 309,8,App Install,2024-07-13,2024-09-09,1438640,1345803.29,4752553,183046,8304,8276690.23,6.15,Completed
310,Super Bonanza 2024 - Facebook Ads - 310,2,Customer Acquisition,2024-07-04,2024-08-25,1620826,1527633.63,5936585,127086,6860,5117572.66,3.35,Completed
311,New Year Launch 2024 - Organic Search - 311,6,Brand Awareness,2024-08-15,2024-10-14,1752745,1693244.68,9059491,321566,13887,3640476.06,2.15,Completed
312,End of Season Festival 2025 - Referral - 312,7,Brand Awareness,2025-10-11,2026-01-08,1090316,1054147.84,5017698,227614,8895,3310024.22,3.14,Completed
313,Fashion Launch 2024 - YouTube - 313,4,Customer Acquisition,2024-06-03,2024-07-05,1294125,1252523.46,4208792,84229,5316,3118783.42,2.49,Completed
314,Weekend Campaign 2025 - YouTube - 314,4,Retargeting,2025-05-14,2025-07-10,1430640,1026346.97,5096832,113804,6677,4793040.35,4.67,Completed
315,Grocery Launch 2025 - Instagram - 315,3,Brand Awareness,2025-05-16,2025-06-11,945977,783938.36,3806781,57723,2695,4327339.75,5.52,Completed
316,Summer Offers 2024 - Facebook Ads - 316,2,Retargeting,2024-11-25,2025-02-15,574513,521690.79,2866701,55936,2191,2472814.34,4.74,Completed
317,New Year Drive 2024 - LinkedIn - 317,9,Email Promotion,2024-03-07,2024-03-27,1626374,1392316.86,6495797,196032,10652,3118789.77,2.24,Completed
318,Home Sale 2025 - Instagram - 318,3,Customer Acquisition,2025-01-02,2025-02-10,579027,444285.34,1494509,33464,705,1901541.26,4.28,Completed
319,Christmas Promotion 2025 - Direct - 319,10,Customer Acquisition,2025-01-10,2025-01-29,1406808,1005271.36,3361634,128310,6759,1618486.89,1.61,Completed
320,Premium Bonanza 2025 - Facebook Ads - 320,2,Customer Acquisition,2025-03-02,2025-05-12,1094881,996955.35,6350475,247674,5068,3798399.88,3.81,Completed
321,End of Season Carnival 2025 - Google Ads - 321,1,Customer Acquisition,2025-11-09,2026-01-29,978341,928637.18,6686395,268504,6950,1977997.19,2.13,Completed
322,Christmas Promotion 2025 - LinkedIn - 322,9,Email Promotion,2025-05-24,2025-07-03,522939,422208.69,2179072,44917,2129,2748578.57,6.51,Completed
323,Monsoon Festival 2024 - Facebook Ads - 323,2,Customer Acquisition,2024-12-04,2025-01-18,1851608,1615057.36,7729813,372813,21987,3084759.56,1.91,Paused
324,New Year Bonanza 2024 - Affiliate - 324,8,Product Launch,2024-09-19,2024-11-02,1073660,767692.73,2882031,131405,8227,2671570.7,3.48,Completed
325,Winter Sale 2025 - YouTube - 325,4,Festival Sale,2025-03-12,2025-04-10,1886770,1399074.54,5915854,156788,10148,9443753.14,6.75,Completed
326,Weekend Festival 2024 - LinkedIn - 326,9,Flash Sale,2024-04-05,2024-06-06,940491,771273.22,3814842,168805,9199,3185358.4,4.13,Completed
327,Winter Carnival 2025 - YouTube - 327,4,Flash Sale,2025-10-26,2025-12-01,317502,261878.29,1157038,49844,2687,654695.72,2.5,Completed
328,Super Drive 2025 - Google Ads - 328,1,App Install,2025-01-02,2025-01-20,1123667,824638.14,4250029,70588,2335,2663581.19,3.23,Completed
329,Fashion Promotion 2025 - Google Ads - 329,1,Flash Sale,2025-08-13,2025-11-08,1197026,1085071.14,4691529,141448,7968,4503045.23,4.15,Completed
330,End of Season Sale 2024 - Direct - 330,10,Customer Acquisition,2024-06-01,2024-08-26,124421,111110.39,749495,33509,2097,697773.25,6.28,Completed
331,Christmas Sale 2025 - Affiliate - 331,8,Loyalty Campaign,2025-05-18,2025-07-13,1163107,891884.35,3782422,110124,3496,3594293.93,4.03,Completed
332,Kids Campaign 2025 - Instagram - 332,3,App Install,2025-04-03,2025-04-29,348946,346922.54,1365068,21324,856,589768.32,1.7,Completed
333,End of Season Bonanza 2024 - YouTube - 333,4,Brand Awareness,2024-01-01,2024-01-27,1966697,1676611.79,10663215,410550,27719,5868141.27,3.5,Completed
334,End of Season Week 2024 - Email - 334,5,Brand Awareness,2024-08-16,2024-10-28,1092233,999390.38,5390658,166240,4134,5116878.75,5.12,Completed
335,New Year Promotion 2024 - Direct - 335,10,Flash Sale,2024-12-15,2025-02-13,1194682,970281.43,6973518,323506,14435,5841094.21,6.02,Completed
336,Republic Day Festival 2024 - Referral - 336,7,Flash Sale,2024-04-19,2024-06-05,1887181,1543466.74,7630789,323161,18045,3225845.49,2.09,Completed
337,Kids Drive 2024 - Organic Search - 337,6,App Install,2024-02-17,2024-05-17,1480883,1298430.59,6160836,300247,6070,7206289.77,5.55,Completed
338,Big Savings Carnival 2025 - Email - 338,5,Product Launch,2025-03-19,2025-06-16,1550846,1354766.83,5386981,105010,4134,6502880.78,4.8,Completed
339,End of Season Offers 2025 - Facebook Ads - 339,2,Loyalty Campaign,2025-05-31,2025-08-03,673772,552062.5,3038074,76851,4629,1247661.25,2.26,Completed
340,Premium Campaign 2025 - Referral - 340,7,Product Launch,2025-06-08,2025-07-31,1592908,1467140.9,6679610,151005,4603,7966575.09,5.43,Completed
341,Weekend Promotion 2025 - Organic Search - 341,6,Loyalty Campaign,2025-11-19,2025-12-20,1237687,1124183.17,6314619,120225,4521,4654118.32,4.14,Completed
342,Premium Bonanza 2025 - Email - 342,5,Brand Awareness,2025-11-14,2026-01-21,1940203,1851322.94,6973102,232173,4936,4258042.76,2.3,Completed
343,Weekend Bonanza 2024 - Affiliate - 343,8,Brand Awareness,2024-07-23,2024-09-10,1533173,1188467.11,4384052,171726,5968,6702954.5,5.64,Completed
344,Premium Offers 2025 - Facebook Ads - 344,2,Brand Awareness,2025-01-02,2025-03-15,1656952,1481540.16,7797596,256402,15343,7896609.05,5.33,Completed
345,Fashion Promotion 2025 - LinkedIn - 345,9,Seasonal Sale,2025-01-25,2025-03-30,212831,149809.52,906610,33290,1965,942301.88,6.29,Completed
346,Premium Week 2025 - Referral - 346,7,Retargeting,2025-10-10,2025-12-11,512025,477639.46,1626991,41156,1188,2507607.17,5.25,Completed
347,Winter Launch 2024 - Email - 347,5,Retargeting,2024-06-26,2024-09-14,685340,594175.79,4143139,146830,4808,1972663.62,3.32,Completed
348,End of Season Sale 2024 - YouTube - 348,4,Product Launch,2024-02-10,2024-03-15,1722484,1687542.65,7311407,279048,12425,7847073.32,4.65,Completed
349,Weekend Promotion 2024 - Organic Search - 349,6,Seasonal Sale,2024-03-15,2024-05-09,242976,227395.76,1529361,52010,2089,777693.5,3.42,Completed
350,New Year Offers 2025 - YouTube - 350,4,Customer Acquisition,2025-11-10,2026-01-06,1678433,1486225.87,7233147,250604,14436,7535165.16,5.07,Completed
351,End of Season Week 2025 - Direct - 351,10,Flash Sale,2025-11-15,2026-01-13,611342,603803.57,2486228,65220,4291,4045483.92,6.7,Completed
352,Summer Promotion 2024 - Instagram - 352,3,Seasonal Sale,2024-09-19,2024-12-12,1824087,1698495.5,7990076,262120,11622,5316290.92,3.13,Completed
353,Mega Carnival 2024 - Direct - 353,10,Flash Sale,2024-11-24,2025-02-12,1721766,1483116.23,12224878,211386,11312,8527918.32,5.75,Completed
354,Grocery Festival 2024 - Google Ads - 354,1,Retargeting,2024-04-16,2024-05-27,1666343,1509395.25,12145554,486919,10660,2867850.98,1.9,Completed
355,Diwali Bonanza 2024 - Affiliate - 355,8,App Install,2024-09-14,2024-12-09,954867,779562.76,3339469,100704,2099,4053726.35,5.2,Completed
356,Smart Shopping Sale 2024 - Email - 356,5,Loyalty Campaign,2024-01-07,2024-01-30,1569856,1498388.89,8126369,264913,9137,7896509.45,5.27,Completed
357,Kids Launch 2024 - YouTube - 357,4,App Install,2024-03-29,2024-05-19,928612,879058.21,7001800,143336,4442,4931516.56,5.61,Completed
358,Electronics Sale 2024 - Instagram - 358,3,App Install,2024-10-29,2024-12-01,1260824,1213454.94,8342918,137341,6679,4453379.63,3.67,Completed
359,Electronics Offers 2024 - YouTube - 359,4,Festival Sale,2024-03-28,2024-05-21,965399,938067.02,3432840,68608,2003,4587147.73,4.89,Completed
360,Smart Shopping Sale 2024 - Google Ads - 360,1,Customer Acquisition,2024-07-17,2024-08-15,1885489,1744666.62,5850389,200140,10454,3314866.58,1.9,Completed
361,Smart Shopping Drive 2024 - Referral - 361,7,Seasonal Sale,2024-09-13,2024-10-10,793844,640744.44,2660531,61747,2115,1204599.55,1.88,Completed
362,End of Season Bonanza 2024 - YouTube - 362,4,Brand Awareness,2024-11-21,2025-02-06,1554287,1360391.22,6133431,170247,6097,5251110.11,3.86,Completed
363,Grocery Bonanza 2024 - Instagram - 363,3,Festival Sale,2024-11-16,2025-01-01,1861838,1504078.01,6206877,165132,7265,5941108.14,3.95,Completed
364,End of Season Festival 2025 - Organic Search - 364,6,Customer Acquisition,2025-05-13,2025-08-06,1865367,1462792.41,5442748,251429,7498,8089242.03,5.53,Completed
365,Summer Week 2024 - Referral - 365,7,App Install,2024-03-18,2024-04-04,1314042,1079538.51,4772357,222967,10608,4847127.91,4.49,Completed
366,Diwali Week 2025 - Direct - 366,10,Brand Awareness,2025-04-28,2025-06-01,1637688,1567511.83,10878048,353964,8681,5486291.41,3.5,Completed
367,End of Season Carnival 2025 - LinkedIn - 367,9,Retargeting,2025-11-09,2025-12-24,1687976,1441938.31,7198185,153105,10324,7397143.53,5.13,Completed
368,Back to School Offers 2025 - Referral - 368,7,Flash Sale,2025-05-10,2025-07-09,231829,180665.99,1114373,42792,1963,1056896.04,5.85,Paused
369,Winter Campaign 2025 - Facebook Ads - 369,2,App Install,2025-04-25,2025-07-07,316478,288349.71,1348391,59379,3666,850631.64,2.95,Completed
370,Home Campaign 2025 - Affiliate - 370,8,App Install,2025-08-06,2025-09-12,1332451,1193877.38,4415481,146078,5670,7748264.2,6.49,Completed
371,Electronics Drive 2025 - Affiliate - 371,8,Customer Acquisition,2025-02-19,2025-04-20,1762323,1488516.21,6506947,211894,5710,3587324.07,2.41,Completed
372,Weekend Carnival 2025 - Referral - 372,7,Customer Acquisition,2025-06-10,2025-07-30,859636,757000.69,2834657,108110,4403,2513242.29,3.32,Completed
373,Smart Shopping Carnival 2025 - Affiliate - 373,8,App Install,2025-05-08,2025-07-23,1457400,1384543.84,11162049,184286,8969,3309059.78,2.39,Completed
374,Weekend Bonanza 2024 - Affiliate - 374,8,Festival Sale,2024-02-10,2024-05-08,477566,408315.21,2115818,103513,5370,2584635.28,6.33,Completed
375,Back to School Drive 2024 - Facebook Ads - 375,2,Loyalty Campaign,2024-03-28,2024-05-09,457704,350513.91,1807350,36137,1775,2004939.57,5.72,Completed
376,Fashion Drive 2025 - LinkedIn - 376,9,App Install,2025-11-06,2026-01-25,1351021,1185086.98,7344071,209241,5320,3093077.02,2.61,Completed
377,End of Season Festival 2025 - Organic Search - 377,6,Customer Acquisition,2025-12-01,2026-02-07,472081,397851.34,1724878,28229,1670,1698825.22,4.27,Completed
378,End of Season Promotion 2024 - Direct - 378,10,Brand Awareness,2024-04-05,2024-06-20,1835438,1285467.47,4451183,172481,7170,4897631.06,3.81,Completed
379,Back to School Launch 2025 - Email - 379,5,Retargeting,2025-06-26,2025-09-03,835089,732134.57,2888663,120324,6598,1493554.52,2.04,Completed
380,Monsoon Bonanza 2024 - Email - 380,5,Loyalty Campaign,2024-09-17,2024-12-02,1354709,1304625.26,6740284,145696,8079,7619011.52,5.84,Completed
381,Home Offers 2025 - Referral - 381,7,Festival Sale,2025-06-19,2025-07-19,1542351,1451793.63,7499239,140463,5801,6852465.93,4.72,Completed
382,End of Season Bonanza 2025 - Facebook Ads - 382,2,App Install,2025-07-02,2025-09-09,1527333,1251246.55,7986772,274135,13125,3103091.44,2.48,Completed
383,New Year Week 2025 - Organic Search - 383,6,Seasonal Sale,2025-07-22,2025-10-06,822167,766472.05,3999053,79310,5011,1647914.91,2.15,Completed
384,Big Savings Launch 2025 - Affiliate - 384,8,Brand Awareness,2025-04-02,2025-05-07,1748531,1401502.42,6396525,252003,13945,3335575.76,2.38,Completed
385,End of Season Launch 2024 - Affiliate - 385,8,Flash Sale,2024-04-03,2024-05-06,284844,204866.68,1281068,22804,499,739568.71,3.61,Completed
386,End of Season Sale 2025 - Organic Search - 386,6,App Install,2025-09-20,2025-12-10,1722374,1629483.99,6926533,210317,6327,8326663.19,5.11,Completed
387,End of Season Promotion 2024 - Instagram - 387,3,Retargeting,2024-10-19,2024-11-27,1181739,1074832.89,4658316,179768,6828,5481647.74,5.1,Paused
388,Electronics Launch 2024 - LinkedIn - 388,9,Festival Sale,2024-03-29,2024-05-18,950292,832288.59,3903908,159249,3731,1664577.18,2.0,Completed
389,Christmas Offers 2025 - YouTube - 389,4,App Install,2025-07-26,2025-10-23,1371636,1356434.35,6719791,195804,3961,3336828.5,2.46,Completed
390,New Year Campaign 2024 - Email - 390,5,Email Promotion,2024-04-19,2024-07-14,345385,324966.76,1112108,50783,3080,1514345.1,4.66,Completed
391,Diwali Campaign 2025 - Instagram - 391,3,Customer Acquisition,2025-01-21,2025-04-18,1726548,1446250.75,7126856,253280,5411,3094976.6,2.14,Completed
392,Diwali Campaign 2025 - Email - 392,5,Customer Acquisition,2025-01-26,2025-03-10,964919,952021.61,4470198,68574,4224,2732302.02,2.87,Completed
393,Weekend Drive 2025 - Google Ads - 393,1,Seasonal Sale,2025-02-12,2025-04-11,758238,611186.37,2175219,53113,3577,3214840.31,5.26,Completed
394,Diwali Bonanza 2025 - Facebook Ads - 394,2,Customer Acquisition,2025-05-25,2025-07-04,533646,410246.9,1517806,67195,2540,2371227.08,5.78,Completed
395,Premium Sale 2024 - Affiliate - 395,8,Festival Sale,2024-03-21,2024-06-07,1878407,1586667.15,6847342,220702,15287,10202269.77,6.43,Completed
396,Big Savings Bonanza 2025 - YouTube - 396,4,App Install,2025-05-17,2025-06-24,934413,716347.02,3200839,54078,3242,2958513.19,4.13,Completed
397,Weekend Drive 2024 - Affiliate - 397,8,Loyalty Campaign,2024-02-03,2024-04-22,352430,320525.7,1580402,61829,1273,852598.36,2.66,Completed
398,Christmas Carnival 2024 - LinkedIn - 398,9,Flash Sale,2024-04-13,2024-06-08,1250420,973895.51,5780018,280610,10426,2444477.73,2.51,Completed
399,Electronics Campaign 2024 - Referral - 399,7,Customer Acquisition,2024-08-03,2024-10-10,1891651,1551490.12,7713820,269978,18618,8176352.93,5.27,Completed
400,Home Offers 2024 - LinkedIn - 400,9,Retargeting,2024-10-03,2024-11-17,405856,381509.2,1508313,47594,975,1457365.14,3.82,Completed
401,Fashion Drive 2025 - Google Ads - 401,1,Seasonal Sale,2025-10-07,2025-12-27,729217,565356.26,2059357,34329,856,1356855.02,2.4,Completed
402,Mega Drive 2024 - Referral - 402,7,Brand Awareness,2024-09-17,2024-12-01,1661525,1329879.56,7189581,248847,16571,3883248.32,2.92,Completed
403,End of Season Offers 2025 - Instagram - 403,3,App Install,2025-02-25,2025-03-27,1309750,1143108.33,4826427,101880,6012,3943723.74,3.45,Completed
404,Home Week 2025 - Email - 404,5,Flash Sale,2025-05-14,2025-07-25,700883,588128.88,2012850,91361,4753,3887531.9,6.61,Completed
405,Monsoon Festival 2025 - Facebook Ads - 405,2,Flash Sale,2025-10-08,2026-01-04,439737,353147.35,2001665,75773,4207,1705701.7,4.83,Completed
406,Electronics Week 2024 - YouTube - 406,4,Festival Sale,2024-10-04,2024-12-14,1192481,1180148.13,6067037,130053,2751,6490814.71,5.5,Completed
407,Mega Festival 2024 - YouTube - 407,4,Customer Acquisition,2024-03-22,2024-05-02,233782,229349.05,1117830,18873,1104,1004548.84,4.38,Completed
408,Monsoon Launch 2024 - Email - 408,5,Retargeting,2024-04-16,2024-06-03,748797,575680.22,2277515,69488,1828,2532992.97,4.4,Completed
409,Fashion Drive 2024 - Affiliate - 409,8,App Install,2024-01-30,2024-02-18,1079775,1071670.71,4931639,120995,5111,7319510.95,6.83,Completed
410,Smart Shopping Launch 2024 - Organic Search - 410,6,Customer Acquisition,2024-06-30,2024-09-28,1197774,1068337.69,4944150,231447,10202,2937928.65,2.75,Completed
411,Christmas Carnival 2025 - Facebook Ads - 411,2,App Install,2025-03-28,2025-05-21,736638,517979.35,2418238,100454,2693,1595376.4,3.08,Completed
412,Back to School Bonanza 2024 - Email - 412,5,Seasonal Sale,2024-01-09,2024-03-26,119152,110782.85,420215,15083,902,500738.48,4.52,Completed
413,Diwali Carnival 2025 - YouTube - 413,4,Seasonal Sale,2025-02-25,2025-05-22,1599333,1473202.17,7747571,218811,7253,5627632.29,3.82,Completed
414,Premium Bonanza 2025 - Direct - 414,10,Email Promotion,2025-06-13,2025-08-01,965922,730623.58,5521494,109225,2787,2922494.32,4.0,Completed
415,Summer Carnival 2024 - Affiliate - 415,8,Email Promotion,2024-10-05,2024-12-21,204085,202230.86,1631110,79976,2727,442885.58,2.19,Completed
416,Summer Drive 2024 - Facebook Ads - 416,2,Brand Awareness,2024-01-09,2024-02-22,555476,445810.52,2531808,108820,7606,1805532.61,4.05,Completed
417,Super Sale 2024 - Google Ads - 417,1,Flash Sale,2024-12-04,2024-12-29,658898,614551.45,4625931,145509,4308,3767200.39,6.13,Completed
418,Diwali Launch 2024 - YouTube - 418,4,Customer Acquisition,2024-01-13,2024-02-12,1717376,1704481.36,10362269,516131,15462,9442826.73,5.54,Completed
419,New Year Campaign 2025 - Affiliate - 419,8,Festival Sale,2025-06-17,2025-07-28,432632,384501.38,3013488,144074,6634,1111208.99,2.89,Completed
420,Republic Day Festival 2024 - Google Ads - 420,1,Seasonal Sale,2024-07-22,2024-09-21,594856,529346.11,2966980,61884,2091,1143387.6,2.16,Completed
421,Back to School Week 2024 - Affiliate - 421,8,Brand Awareness,2024-01-10,2024-01-30,425041,344886.6,2533948,51995,1277,1689944.34,4.9,Completed
422,Premium Festival 2024 - Affiliate - 422,8,Email Promotion,2024-03-02,2024-05-01,363879,307970.03,1739814,60097,3139,1050177.8,3.41,Completed
423,Electronics Carnival 2024 - Organic Search - 423,6,Seasonal Sale,2024-07-16,2024-08-02,625748,606724.58,2926027,88695,3080,3233842.01,5.33,Completed
424,Fashion Drive 2025 - Facebook Ads - 424,2,Email Promotion,2025-08-03,2025-09-10,677397,650503.36,2856061,128864,3610,2875224.85,4.42,Completed
425,Kids Sale 2024 - Referral - 425,7,Loyalty Campaign,2024-10-29,2024-12-16,1727217,1539654.74,8179739,175812,3680,9561255.94,6.21,Completed
426,Premium Launch 2024 - Affiliate - 426,8,Product Launch,2024-09-01,2024-10-27,498185,427054.61,2037874,69901,3540,1396468.57,3.27,Completed
427,Monsoon Sale 2024 - LinkedIn - 427,9,Brand Awareness,2024-04-23,2024-05-20,1851527,1816977.25,11941621,192195,4872,4633291.99,2.55,Completed
428,Big Savings Week 2025 - Instagram - 428,3,Seasonal Sale,2025-08-07,2025-10-10,1570762,1377700.07,10693488,243012,13582,2162989.11,1.57,Completed
429,Monsoon Drive 2025 - Affiliate - 429,8,Brand Awareness,2025-11-02,2026-01-18,1779860,1587056.69,8580229,351975,22709,9554081.27,6.02,Completed
430,Monsoon Bonanza 2025 - LinkedIn - 430,9,Seasonal Sale,2025-09-23,2025-11-11,263442,259063.87,884461,16273,915,1145062.31,4.42,Completed
431,Smart Shopping Carnival 2024 - Organic Search - 431,6,Email Promotion,2024-07-16,2024-10-06,1271098,1175458.44,6036249,112835,5859,4078840.79,3.47,Completed
432,Weekend Carnival 2025 - Organic Search - 432,6,Product Launch,2025-11-12,2026-01-20,1253361,1028341.53,5689230,116835,8169,4051665.63,3.94,Completed
433,Fashion Campaign 2024 - Referral - 433,7,Seasonal Sale,2024-11-18,2025-02-11,964746,896495.34,4539082,183403,9247,4123878.56,4.6,Completed
434,Christmas Campaign 2025 - Email - 434,5,App Install,2025-01-19,2025-04-14,1048758,874926.3,4569371,184698,12771,4182147.71,4.78,Completed
435,Diwali Offers 2024 - Affiliate - 435,8,App Install,2024-05-18,2024-07-10,1894575,1505185.66,5814352,279188,17063,9874017.93,6.56,Paused
436,Super Festival 2025 - Direct - 436,10,Festival Sale,2025-07-23,2025-10-19,179138,150137.52,1013762,24608,1586,430894.68,2.87,Completed
437,Smart Shopping Offers 2024 - YouTube - 437,4,Loyalty Campaign,2024-11-03,2024-11-29,1639867,1185886.99,6645688,211922,9412,7637112.22,6.44,Completed
438,Smart Shopping Launch 2024 - Email - 438,5,Customer Acquisition,2024-04-07,2024-05-30,264579,247126.46,864269,23079,1476,961321.93,3.89,Paused
439,Home Sale 2024 - Instagram - 439,3,Retargeting,2024-08-20,2024-09-05,739177,633707.53,3570646,124158,4512,3383998.21,5.34,Completed
440,End of Season Week 2024 - Referral - 440,7,Email Promotion,2024-02-21,2024-04-26,1158494,842253.97,4259219,181114,4962,2821550.8,3.35,Completed
441,Christmas Festival 2025 - Instagram - 441,3,Email Promotion,2025-08-08,2025-08-29,935771,795917.16,3069619,60051,1605,3645300.59,4.58,Completed
442,End of Season Promotion 2025 - Instagram - 442,3,Customer Acquisition,2025-02-08,2025-05-07,616414,476299.72,2836362,85239,4623,2224319.69,4.67,Completed
443,Electronics Offers 2025 - Referral - 443,7,Email Promotion,2025-11-18,2026-01-24,772637,620703.71,2608286,109388,3113,2122806.69,3.42,Completed
444,Diwali Offers 2025 - YouTube - 444,4,Loyalty Campaign,2025-09-30,2025-11-02,1537302,1248514.03,4869549,218383,5594,2247325.25,1.8,Completed
445,Mega Bonanza 2024 - Facebook Ads - 445,2,Festival Sale,2024-05-31,2024-07-21,1043847,878248.08,4886273,199850,6114,3960898.84,4.51,Paused
446,Super Sale 2025 - Direct - 446,10,Loyalty Campaign,2025-07-15,2025-09-29,889801,778488.21,3251353,53718,1531,2382173.92,3.06,Completed
447,Summer Festival 2024 - Direct - 447,10,Festival Sale,2024-10-04,2024-10-25,915047,821814.55,3433717,161214,6127,1717592.41,2.09,Completed
448,Home Promotion 2025 - Referral - 448,7,App Install,2025-10-26,2025-12-29,1588325,1159288.42,6557726,297307,13847,2932999.7,2.53,Completed
449,Summer Sale 2025 - YouTube - 449,4,Product Launch,2025-04-13,2025-07-08,618818,604387.8,3455876,111098,6356,967020.48,1.6,Completed
450,Big Savings Bonanza 2024 - YouTube - 450,4,App Install,2024-12-29,2025-02-20,1802662,1295398.16,7785673,222288,15559,9003017.21,6.95,Completed
451,Home Carnival 2024 - Organic Search - 451,6,Flash Sale,2024-10-13,2024-11-25,284119,261095.96,1221620,47313,3010,1378586.67,5.28,Completed
452,New Year Week 2024 - LinkedIn - 452,9,Seasonal Sale,2024-09-03,2024-11-30,790560,659920.56,4591742,173735,8521,3471182.15,5.26,Completed
453,Big Savings Carnival 2024 - YouTube - 453,4,Product Launch,2024-05-21,2024-07-14,1001910,1000613.27,3384568,67963,4529,6544010.79,6.54,Completed
454,Mega Carnival 2024 - Facebook Ads - 454,2,Flash Sale,2024-03-10,2024-06-04,766050,729169.87,4987682,79962,2873,4994813.61,6.85,Completed
455,Christmas Carnival 2024 - Email - 455,5,Loyalty Campaign,2024-11-06,2025-01-16,1733907,1311492.72,9127983,145289,10068,6413199.4,4.89,Completed
456,Diwali Sale 2025 - Affiliate - 456,8,Product Launch,2025-08-03,2025-09-16,853425,617745.4,2372579,46723,2911,2520401.23,4.08,Completed
457,Super Carnival 2024 - YouTube - 457,4,Seasonal Sale,2024-07-07,2024-09-09,505295,388006.89,2004726,98048,6497,2611286.37,6.73,Completed
458,Monsoon Carnival 2025 - Google Ads - 458,1,Flash Sale,2025-11-18,2025-12-28,1021247,980538.77,4709832,124204,5325,2804340.88,2.86,Completed
459,Home Week 2024 - Email - 459,5,Customer Acquisition,2024-02-12,2024-04-15,1657067,1444267.01,6670711,249810,13790,2469696.59,1.71,Completed
460,Winter Offers 2025 - Email - 460,5,Brand Awareness,2025-04-07,2025-06-19,1187798,1023122.57,3443819,56388,2219,5842029.87,5.71,Completed
461,New Year Bonanza 2024 - Organic Search - 461,6,Email Promotion,2024-07-13,2024-09-03,1067515,800578.58,4627740,218272,11895,5179743.41,6.47,Completed
462,Big Savings Festival 2025 - Email - 462,5,Email Promotion,2025-10-23,2026-01-03,477007,445342.96,1541984,60698,1624,1678942.96,3.77,Completed
463,Republic Day Drive 2024 - Instagram - 463,3,Customer Acquisition,2024-01-26,2024-03-03,289120,224075.14,916428,42843,2563,1221209.51,5.45,Completed
464,Electronics Festival 2024 - Google Ads - 464,1,App Install,2024-04-03,2024-05-02,1198524,1093274.1,4358499,214140,10836,2601992.36,2.38,Completed
465,Fashion Week 2025 - Affiliate - 465,8,Flash Sale,2025-01-24,2025-02-13,1927259,1730407.04,11770183,534468,15469,9378806.16,5.42,Completed
466,Kids Bonanza 2024 - LinkedIn - 466,9,Brand Awareness,2024-11-11,2025-01-04,1413766,1066274.77,3784638,183990,3712,6088428.94,5.71,Completed
467,Premium Sale 2025 - Email - 467,5,Customer Acquisition,2025-04-14,2025-07-01,1375034,1326647.76,8148035,290153,12704,4988195.58,3.76,Completed
468,Premium Bonanza 2025 - Email - 468,5,Product Launch,2025-09-07,2025-09-22,1399743,1243798.51,4647597,103489,3026,2238837.32,1.8,Completed
469,Smart Shopping Week 2024 - Facebook Ads - 469,2,Festival Sale,2024-02-07,2024-03-11,725877,580217.68,4273015,80379,5601,1386720.26,2.39,Completed
470,Weekend Drive 2025 - LinkedIn - 470,9,Flash Sale,2025-09-17,2025-12-14,1671468,1460344.69,5076522,92694,3241,5155016.76,3.53,Completed
471,Monsoon Bonanza 2024 - Direct - 471,10,Seasonal Sale,2024-03-10,2024-05-18,1087374,805052.28,3285505,80838,3747,3534179.51,4.39,Completed
472,Big Savings Festival 2025 - Email - 472,5,Product Launch,2025-09-18,2025-10-10,1114314,1022073.58,4465932,190188,10525,3934983.28,3.85,Completed
473,End of Season Campaign 2024 - Instagram - 473,3,Loyalty Campaign,2024-09-22,2024-12-13,372028,328979.52,1571422,63676,2858,1954138.35,5.94,Completed
474,Summer Festival 2024 - LinkedIn - 474,9,Flash Sale,2024-08-26,2024-10-17,150303,126174.21,478999,19548,593,615730.14,4.88,Completed
475,Premium Offers 2025 - Facebook Ads - 475,2,App Install,2025-02-27,2025-03-19,123692,110356.21,451903,10802,252,347622.06,3.15,Completed
476,Fashion Campaign 2024 - Organic Search - 476,6,Product Launch,2024-11-27,2024-12-12,930575,853634.12,3697325,59227,1704,2834065.28,3.32,Completed
477,Winter Carnival 2025 - Direct - 477,10,Flash Sale,2025-11-19,2026-02-03,1109769,828571.17,4083417,184908,11981,3347427.53,4.04,Completed
478,Fashion Promotion 2024 - Referral - 478,7,Customer Acquisition,2024-02-27,2024-05-18,1223833,863555.57,3856336,102617,6753,5077706.75,5.88,Completed
479,Fashion Launch 2024 - Instagram - 479,3,Festival Sale,2024-06-01,2024-07-21,1413888,1216342.33,8115738,293782,8628,2602972.59,2.14,Completed
480,Monsoon Drive 2024 - Facebook Ads - 480,2,Customer Acquisition,2024-11-18,2024-12-07,1939304,1495770.97,7428964,358636,11048,4726636.27,3.16,Completed
481,Monsoon Drive 2025 - LinkedIn - 481,9,App Install,2025-01-18,2025-02-06,1161147,821488.78,3970858,129060,3808,5405396.17,6.58,Completed
482,Mega Promotion 2024 - Direct - 482,10,Customer Acquisition,2024-11-13,2025-01-08,1519179,1515861.27,9659247,157246,6192,9489291.55,6.26,Completed
483,End of Season Festival 2024 - Instagram - 483,3,Loyalty Campaign,2024-01-05,2024-02-28,798959,671175.71,5231089,173777,9201,2161185.79,3.22,Completed
484,Republic Day Bonanza 2024 - Referral - 484,7,Customer Acquisition,2024-11-15,2024-12-26,680176,584735.57,2256780,86861,2921,1385823.3,2.37,Completed
485,Republic Day Promotion 2024 - YouTube - 485,4,Retargeting,2024-01-16,2024-04-11,834670,721830.71,4276517,205335,12361,3363731.11,4.66,Completed
486,Fashion Promotion 2024 - Referral - 486,7,Customer Acquisition,2024-03-13,2024-05-06,1030396,736957.62,5885364,274347,6179,2660417.01,3.61,Completed
487,End of Season Week 2025 - Direct - 487,10,App Install,2025-03-12,2025-05-16,1420095,1350300.63,5491576,200832,7154,8101803.78,6.0,Completed
488,Monsoon Drive 2024 - Organic Search - 488,6,Seasonal Sale,2024-03-21,2024-06-03,303975,254328.36,1045732,41680,1803,704489.56,2.77,Completed
489,Home Carnival 2024 - Email - 489,5,Customer Acquisition,2024-05-27,2024-07-14,1567198,1528299.09,8516144,384314,13926,6388290.2,4.18,Completed
490,Kids Carnival 2025 - Email - 490,5,Customer Acquisition,2025-05-01,2025-05-30,691936,643765.11,2813668,54750,1376,3862590.66,6.0,Completed
491,New Year Promotion 2024 - Referral - 491,7,Flash Sale,2024-11-29,2025-02-23,1066734,874983.17,4500489,165305,7835,6002384.55,6.86,Completed
492,Smart Shopping Launch 2024 - Affiliate - 492,8,Customer Acquisition,2024-03-08,2024-05-05,1744825,1734463.48,7809450,210675,11525,4249435.53,2.45,Completed
493,End of Season Drive 2025 - Facebook Ads - 493,2,Customer Acquisition,2025-08-10,2025-10-26,782367,677941.59,2529971,53549,3630,1274530.19,1.88,Completed
494,Winter Festival 2025 - Email - 494,5,Retargeting,2025-09-02,2025-11-04,556364,525825.22,1879913,87630,4539,788737.83,1.5,Completed
495,New Year Launch 2025 - Google Ads - 495,1,Festival Sale,2025-11-07,2025-12-11,1390948,1214825.36,7826474,304082,10895,5636789.67,4.64,Completed
496,Smart Shopping Sale 2025 - LinkedIn - 496,9,App Install,2025-03-21,2025-05-19,1382389,1376757.83,7142507,139024,4825,4859955.14,3.53,Completed
497,Electronics Festival 2024 - Facebook Ads - 497,2,Flash Sale,2024-02-24,2024-03-10,1906167,1495698.29,11907169,358525,17749,7388749.55,4.94,Completed
498,Republic Day Carnival 2025 - Facebook Ads - 498,2,Festival Sale,2025-02-19,2025-04-23,1095877,812834.61,3695107,164493,6253,3080643.17,3.79,Completed
499,Monsoon Sale 2025 - Organic Search - 499,6,Flash Sale,2025-11-17,2025-12-18,401981,368376.1,1774398,53738,3735,725700.92,1.97,Completed
500,Kids Promotion 2025 - Organic Search - 500,6,Loyalty Campaign,2025-04-11,2025-06-19,989453,856485.37,4260946,116902,3424,4136824.34,4.83,Completed
