campaign_id,campaign_name,channel_name,campaign_type,campaign_status,start_date,end_date,budget,operational_spend,budget_variance,budget_utilization_pct,impressions,clicks,ctr_pct,operational_cpc,self_reported_conversions,self_reported_revenue,self_reported_conversion_rate_pct,self_reported_roas
4,"Kids Promotion 2025 - Affiliate - 004",Affiliate,"Product Launch",Completed,2025-09-10,2025-10-28,361779.00,358861.15,2917.85,99.19,1907454,65466,3.43,5.48,4024,1758419.64,6.15,4.90
6,"Christmas Festival 2024 - Affiliate - 006",Affiliate,"App Install",Completed,2024-06-15,2024-08-16,1377440.00,1226601.35,150838.65,89.05,5674895,133748,2.36,9.17,5766,3655272.02,4.31,2.98
11,"Grocery Carnival 2024 - Affiliate - 011",Affiliate,"App Install",Completed,2024-09-30,2024-11-27,1051527.00,737092.66,314434.34,70.10,2948646,118502,4.02,6.22,8128,4194057.24,6.86,5.69
14,"Premium Carnival 2024 - Affiliate - 014",Affiliate,"Seasonal Sale",Completed,2024-03-28,2024-06-13,369256.00,331564.28,37691.72,89.79,1141621,23722,2.08,13.98,1100,1604771.12,4.64,4.84
35,"Smart Shopping Offers 2025 - Affiliate - 035",Affiliate,"Seasonal Sale",Completed,2025-03-22,2025-06-10,634191.00,452378.56,181812.44,71.33,2279095,75659,3.32,5.98,4564,2388558.80,6.03,5.28
36,"Fashion Week 2025 - Affiliate - 036",Affiliate,"Product Launch",Completed,2025-01-07,2025-03-18,758328.00,681749.19,76578.81,89.90,4786470,222578,4.65,3.06,10095,3524643.31,4.54,5.17
45,"Fashion Promotion 2024 - Affiliate - 045",Affiliate,"Brand Awareness",Completed,2024-08-07,2024-08-30,1077114.00,888330.67,188783.33,82.47,5649873,167829,2.97,5.29,10949,4184037.46,6.52,4.71
50,"Electronics Offers 2024 - Affiliate - 050",Affiliate,"Brand Awareness",Completed,2024-01-20,2024-04-13,1463450.00,1054540.87,408909.13,72.06,3607593,59197,1.64,17.81,1275,3015986.89,2.15,2.86
71,"Fashion Launch 2025 - Affiliate - 071",Affiliate,"Customer Acquisition",Completed,2025-11-17,2025-12-15,1554739.00,1319414.80,235324.20,84.86,5514448,160006,2.90,8.25,9284,2243005.16,5.80,1.70
75,"Christmas Launch 2025 - Affiliate - 075",Affiliate,"Loyalty Campaign",Completed,2025-05-25,2025-07-16,1850542.00,1563245.12,287296.88,84.47,7625602,236298,3.10,6.62,6434,3986275.06,2.72,2.55
93,"Super Launch 2025 - Affiliate - 093",Affiliate,"Product Launch",Completed,2025-11-17,2026-02-09,1473470.00,1075200.62,398269.38,72.97,5167185,151316,2.93,7.11,10225,1806337.04,6.76,1.68
95,"Kids Festival 2024 - Affiliate - 095",Affiliate,Retargeting,Completed,2024-07-13,2024-08-12,1489926.00,1137754.79,352171.21,76.36,4839270,237067,4.90,4.80,5340,3788723.45,2.25,3.33
104,"Premium Campaign 2024 - Affiliate - 104",Affiliate,"Brand Awareness",Completed,2024-03-02,2024-05-31,1505119.00,1108775.09,396343.91,73.67,6037512,231157,3.83,4.80,13294,6952019.81,5.75,6.27
109,"Winter Festival 2024 - Affiliate - 109",Affiliate,"App Install",Completed,2024-06-08,2024-07-13,670641.00,558599.62,112041.38,83.29,2845314,103135,3.62,5.42,4198,1502632.98,4.07,2.69
110,"New Year Week 2024 - Affiliate - 110",Affiliate,"Seasonal Sale",Completed,2024-04-26,2024-06-24,1120542.00,961514.94,159027.06,85.81,5478234,124455,2.27,7.73,8615,1730726.89,6.92,1.80
123,"Super Campaign 2024 - Affiliate - 123",Affiliate,"Festival Sale",Completed,2024-12-07,2025-01-01,750603.00,743328.87,7274.13,99.03,3025026,86874,2.87,8.56,4322,4950570.27,4.98,6.66
131,"Electronics Offers 2025 - Affiliate - 131",Affiliate,"Product Launch",Completed,2025-02-28,2025-03-21,909849.00,908354.67,1494.33,99.84,4844964,77454,1.60,11.73,5153,5559130.58,6.65,6.12
136,"Christmas Sale 2025 - Affiliate - 136",Affiliate,"Product Launch",Completed,2025-10-12,2025-12-15,848880.00,795023.66,53856.34,93.66,4366715,177519,4.07,4.48,9126,4563435.81,5.14,5.74
149,"Home Drive 2024 - Affiliate - 149",Affiliate,"Customer Acquisition",Completed,2024-05-12,2024-06-07,1202463.00,989913.88,212549.12,82.32,5110603,179492,3.51,5.52,4714,3207320.97,2.63,3.24
150,"Electronics Carnival 2025 - Affiliate - 150",Affiliate,"App Install",Completed,2025-04-05,2025-06-18,1941215.00,1841661.96,99553.04,94.87,8400415,298823,3.56,6.16,17448,4070072.93,5.84,2.21
155,"Winter Carnival 2025 - Affiliate - 155",Affiliate,"Product Launch",Completed,2025-02-19,2025-04-13,1021919.00,842762.83,179156.17,82.47,4139314,111375,2.69,7.57,3027,5258840.06,2.72,6.24
158,"New Year Drive 2025 - Affiliate - 158",Affiliate,"Brand Awareness",Completed,2025-05-25,2025-08-13,148604.00,108037.30,40566.70,72.70,566281,17556,3.10,6.15,562,508855.68,3.20,4.71
160,"Smart Shopping Promotion 2025 - Affiliate - 160",Affiliate,"Loyalty Campaign",Completed,2025-01-09,2025-01-29,508221.00,411027.36,97193.64,80.88,2390412,68179,2.85,6.03,2898,1857843.67,4.25,4.52
162,"Winter Carnival 2025 - Affiliate - 162",Affiliate,"Product Launch",Paused,2025-02-15,2025-05-05,1596510.00,1277067.84,319442.16,79.99,6221285,192826,3.10,6.62,9701,5542474.43,5.03,4.34
181,"End of Season Festival 2025 - Affiliate - 181",Affiliate,"App Install",Completed,2025-11-11,2025-12-23,1202067.00,1002553.20,199513.80,83.40,4064219,72073,1.77,13.91,3474,1844697.89,4.82,1.84
192,"Weekend Promotion 2025 - Affiliate - 192",Affiliate,"Brand Awareness",Completed,2025-02-22,2025-03-28,1093040.00,844144.36,248895.64,77.23,5257434,236657,4.50,3.57,6441,3418784.66,2.72,4.05
195,"Republic Day Campaign 2025 - Affiliate - 195",Affiliate,"Email Promotion",Completed,2025-11-18,2026-02-12,735831.00,726343.14,9487.86,98.71,5916770,282825,4.78,2.57,19261,1561637.75,6.81,2.15
205,"Winter Offers 2025 - Affiliate - 205",Affiliate,"Festival Sale",Completed,2025-08-02,2025-08-29,543373.00,527279.32,16093.68,97.04,2155576,75094,3.48,7.02,2519,3469497.93,3.35,6.58
211,"Kids Campaign 2024 - Affiliate - 211",Affiliate,"Flash Sale",Completed,2024-04-03,2024-04-18,1696659.00,1324971.80,371687.20,78.09,9210706,198570,2.16,6.67,8427,6028621.69,4.24,4.55
214,"Electronics Bonanza 2024 - Affiliate - 214",Affiliate,"Brand Awareness",Completed,2024-11-02,2025-01-17,617136.00,565463.10,51672.90,91.63,2702404,98863,3.66,5.72,4240,1272291.97,4.29,2.25
217,"Smart Shopping Offers 2024 - Affiliate - 217",Affiliate,"Seasonal Sale",Completed,2024-10-14,2024-12-18,1341990.00,1340888.87,1101.13,99.92,8799239,368394,4.19,3.64,7863,7374888.79,2.13,5.50
245,"Super Festival 2025 - Affiliate - 245",Affiliate,Retargeting,Completed,2025-01-26,2025-02-27,1212556.00,1053695.84,158860.16,86.90,4584127,95093,2.07,11.08,3571,2813367.89,3.76,2.67
263,"Super Offers 2024 - Affiliate - 263",Affiliate,"Product Launch",Completed,2024-03-04,2024-05-13,711688.00,553904.84,157783.16,77.83,3134690,134881,4.30,4.11,7423,3068632.81,5.50,5.54
265,"Republic Day Drive 2025 - Affiliate - 265",Affiliate,"Loyalty Campaign",Completed,2025-07-02,2025-08-31,746568.00,626373.52,120194.48,83.90,2290659,41609,1.82,15.05,2512,1985604.06,6.04,3.17
269,"Fashion Festival 2024 - Affiliate - 269",Affiliate,"Email Promotion",Completed,2024-05-11,2024-06-06,189540.00,186257.96,3282.04,98.27,1442576,68298,4.73,2.73,2845,1020693.62,4.17,5.48
270,"Weekend Campaign 2024 - Affiliate - 270",Affiliate,"Loyalty Campaign",Completed,2024-01-31,2024-04-03,550292.00,535154.16,15137.84,97.25,3157312,96646,3.06,5.54,2651,2611552.30,2.74,4.88
280,"Smart Shopping Carnival 2025 - Affiliate - 280",Affiliate,"Loyalty Campaign",Completed,2025-09-20,2025-11-19,893528.00,707716.14,185811.86,79.20,2901311,56451,1.95,12.54,3186,4755852.46,5.64,6.72
288,"End of Season Drive 2024 - Affiliate - 288",Affiliate,"Customer Acquisition",Completed,2024-03-30,2024-05-21,518748.00,378217.13,140530.87,72.91,2405172,89801,3.73,4.21,6183,1550690.23,6.89,4.10
294,"Monsoon Festival 2024 - Affiliate - 294",Affiliate,"Brand Awareness",Completed,2024-09-21,2024-11-15,913902.00,792270.11,121631.89,86.69,3611574,162455,4.50,4.88,7470,5181446.52,4.60,6.54
296,"Premium Campaign 2025 - Affiliate - 296",Affiliate,"Festival Sale",Completed,2025-07-30,2025-08-26,1941076.00,1598023.84,343052.16,82.33,8457487,270601,3.20,5.91,13651,2732620.77,5.04,1.71
309,"Diwali Promotion 2024 - Affiliate - 309",Affiliate,"App Install",Completed,2024-07-13,2024-09-09,1438640.00,1345803.29,92836.71,93.55,4752553,183046,3.85,7.35,8304,8276690.23,4.54,6.15
324,"New Year Bonanza 2024 - Affiliate - 324",Affiliate,"Product Launch",Completed,2024-09-19,2024-11-02,1073660.00,767692.73,305967.27,71.50,2882031,131405,4.56,5.84,8227,2671570.70,6.26,3.48
331,"Christmas Sale 2025 - Affiliate - 331",Affiliate,"Loyalty Campaign",Completed,2025-05-18,2025-07-13,1163107.00,891884.35,271222.65,76.68,3782422,110124,2.91,8.10,3496,3594293.93,3.17,4.03
343,"Weekend Bonanza 2024 - Affiliate - 343",Affiliate,"Brand Awareness",Completed,2024-07-23,2024-09-10,1533173.00,1188467.11,344705.89,77.52,4384052,171726,3.92,6.92,5968,6702954.50,3.48,5.64
355,"Diwali Bonanza 2024 - Affiliate - 355",Affiliate,"App Install",Completed,2024-09-14,2024-12-09,954867.00,779562.76,175304.24,81.64,3339469,100704,3.02,7.74,2099,4053726.35,2.08,5.20
370,"Home Campaign 2025 - Affiliate - 370",Affiliate,"App Install",Completed,2025-08-06,2025-09-12,1332451.00,1193877.38,138573.62,89.60,4415481,146078,3.31,8.17,5670,7748264.20,3.88,6.49
371,"Electronics Drive 2025 - Affiliate - 371",Affiliate,"Customer Acquisition",Completed,2025-02-19,2025-04-20,1762323.00,1488516.21,273806.79,84.46,6506947,211894,3.26,7.02,5710,3587324.07,2.69,2.41
373,"Smart Shopping Carnival 2025 - Affiliate - 373",Affiliate,"App Install",Completed,2025-05-08,2025-07-23,1457400.00,1384543.84,72856.16,95.00,11162049,184286,1.65,7.51,8969,3309059.78,4.87,2.39
374,"Weekend Bonanza 2024 - Affiliate - 374",Affiliate,"Festival Sale",Completed,2024-02-10,2024-05-08,477566.00,408315.21,69250.79,85.50,2115818,103513,4.89,3.94,5370,2584635.28,5.19,6.33
384,"Big Savings Launch 2025 - Affiliate - 384",Affiliate,"Brand Awareness",Completed,2025-04-02,2025-05-07,1748531.00,1401502.42,347028.58,80.15,6396525,252003,3.94,5.56,13945,3335575.76,5.53,2.38
385,"End of Season Launch 2024 - Affiliate - 385",Affiliate,"Flash Sale",Completed,2024-04-03,2024-05-06,284844.00,204866.68,79977.32,71.92,1281068,22804,1.78,8.98,499,739568.71,2.19,3.61
395,"Premium Sale 2024 - Affiliate - 395",Affiliate,"Festival Sale",Completed,2024-03-21,2024-06-07,1878407.00,1586667.15,291739.85,84.47,6847342,220702,3.22,7.19,15287,10202269.77,6.93,6.43
397,"Weekend Drive 2024 - Affiliate - 397",Affiliate,"Loyalty Campaign",Completed,2024-02-03,2024-04-22,352430.00,320525.70,31904.30,90.95,1580402,61829,3.91,5.18,1273,852598.36,2.06,2.66
409,"Fashion Drive 2024 - Affiliate - 409",Affiliate,"App Install",Completed,2024-01-30,2024-02-18,1079775.00,1071670.71,8104.29,99.25,4931639,120995,2.45,8.86,5111,7319510.95,4.22,6.83
415,"Summer Carnival 2024 - Affiliate - 415",Affiliate,"Email Promotion",Completed,2024-10-05,2024-12-21,204085.00,202230.86,1854.14,99.09,1631110,79976,4.90,2.53,2727,442885.58,3.41,2.19
419,"New Year Campaign 2025 - Affiliate - 419",Affiliate,"Festival Sale",Completed,2025-06-17,2025-07-28,432632.00,384501.38,48130.62,88.87,3013488,144074,4.78,2.67,6634,1111208.99,4.60,2.89
421,"Back to School Week 2024 - Affiliate - 421",Affiliate,"Brand Awareness",Completed,2024-01-10,2024-01-30,425041.00,344886.60,80154.40,81.14,2533948,51995,2.05,6.63,1277,1689944.34,2.46,4.90
422,"Premium Festival 2024 - Affiliate - 422",Affiliate,"Email Promotion",Completed,2024-03-02,2024-05-01,363879.00,307970.03,55908.97,84.64,1739814,60097,3.45,5.12,3139,1050177.80,5.22,3.41
426,"Premium Launch 2024 - Affiliate - 426",Affiliate,"Product Launch",Completed,2024-09-01,2024-10-27,498185.00,427054.61,71130.39,85.72,2037874,69901,3.43,6.11,3540,1396468.57,5.06,3.27
429,"Monsoon Drive 2025 - Affiliate - 429",Affiliate,"Brand Awareness",Completed,2025-11-02,2026-01-18,1779860.00,1587056.69,192803.31,89.17,8580229,351975,4.10,4.51,22709,9554081.27,6.45,6.02
435,"Diwali Offers 2024 - Affiliate - 435",Affiliate,"App Install",Paused,2024-05-18,2024-07-10,1894575.00,1505185.66,389389.34,79.45,5814352,279188,4.80,5.39,17063,9874017.93,6.11,6.56
456,"Diwali Sale 2025 - Affiliate - 456",Affiliate,"Product Launch",Completed,2025-08-03,2025-09-16,853425.00,617745.40,235679.60,72.38,2372579,46723,1.97,13.22,2911,2520401.23,6.23,4.08
465,"Fashion Week 2025 - Affiliate - 465",Affiliate,"Flash Sale",Completed,2025-01-24,2025-02-13,1927259.00,1730407.04,196851.96,89.79,11770183,534468,4.54,3.24,15469,9378806.16,2.89,5.42
492,"Smart Shopping Launch 2024 - Affiliate - 492",Affiliate,"Customer Acquisition",Completed,2024-03-08,2024-05-05,1744825.00,1734463.48,10361.52,99.41,7809450,210675,2.70,8.23,11525,4249435.53,5.47,2.45
9,"Super Promotion 2025 - Direct - 009",Direct,"Flash Sale",Completed,2025-02-12,2025-04-14,1134977.00,825437.93,309539.07,72.73,6424594,121024,1.88,6.82,6217,4837066.27,5.14,5.86
15,"Home Campaign 2025 - Direct - 015",Direct,"App Install",Completed,2025-07-06,2025-08-15,1018762.00,988081.19,30680.81,96.99,4909293,116235,2.37,8.50,2696,1600691.53,2.32,1.62
20,"Diwali Carnival 2024 - Direct - 020",Direct,"Flash Sale",Completed,2024-01-16,2024-02-11,952312.00,805362.96,146949.04,84.57,5081971,147562,2.90,5.46,3383,2883199.40,2.29,3.58
31,"Summer Carnival 2024 - Direct - 031",Direct,"Seasonal Sale",Completed,2024-06-15,2024-07-22,1644687.00,1607428.57,37258.43,97.73,6162754,181246,2.94,8.87,9695,8905154.28,5.35,5.54
40,"End of Season Festival 2024 - Direct - 040",Direct,"Seasonal Sale",Completed,2024-02-17,2024-04-03,1055076.00,869733.23,185342.77,82.43,3727037,81268,2.18,10.70,4454,3670274.23,5.48,4.22
46,"Electronics Bonanza 2025 - Direct - 046",Direct,"Loyalty Campaign",Completed,2025-08-12,2025-10-14,1680151.00,1372676.64,307474.36,81.70,4893756,216551,4.43,6.34,10158,7604628.59,4.69,5.54
55,"Premium Drive 2025 - Direct - 055",Direct,"Customer Acquisition",Completed,2025-06-18,2025-08-06,1074910.00,892898.01,182011.99,83.07,3549094,86576,2.44,10.31,5418,5419890.92,6.26,6.07
60,"Back to School Bonanza 2025 - Direct - 060",Direct,"Festival Sale",Completed,2025-07-02,2025-08-09,1619564.00,1420156.92,199407.08,87.69,5529400,198437,3.59,7.16,13697,8634554.07,6.90,6.08
87,"Super Festival 2024 - Direct - 087",Direct,Retargeting,Completed,2024-08-12,2024-09-20,1994574.00,1771655.29,222918.71,88.82,13939497,593841,4.26,2.98,12867,6218510.07,2.17,3.51
98,"Christmas Sale 2025 - Direct - 098",Direct,"App Install",Paused,2025-08-25,2025-10-20,365831.00,337484.74,28346.26,92.25,1571923,64603,4.11,5.22,2830,1950661.80,4.38,5.78
108,"Grocery Drive 2024 - Direct - 108",Direct,"Brand Awareness",Completed,2024-04-03,2024-06-24,814910.00,608919.32,205990.68,74.72,3457907,91127,2.64,6.68,6111,2910634.35,6.71,4.78
114,"Diwali Launch 2024 - Direct - 114",Direct,Retargeting,Completed,2024-03-31,2024-06-09,1334952.00,1094840.78,240111.22,82.01,8160923,371063,4.55,2.95,21258,2977966.92,5.73,2.72
122,"Mega Promotion 2024 - Direct - 122",Direct,Retargeting,Completed,2024-02-23,2024-04-20,1522664.00,1242447.02,280216.98,81.60,7513623,336646,4.48,3.69,22966,5976170.17,6.82,4.81
125,"New Year Carnival 2025 - Direct - 125",Direct,"Festival Sale",Paused,2025-06-04,2025-08-04,549194.00,440739.01,108454.99,80.25,1708899,37117,2.17,11.87,2598,1035736.67,7.00,2.35
137,"Fashion Carnival 2024 - Direct - 137",Direct,"Customer Acquisition",Completed,2024-05-16,2024-06-05,1841440.00,1719431.30,122008.70,93.37,8443811,332167,3.93,5.18,17135,10247810.55,5.16,5.96
144,"Electronics Drive 2024 - Direct - 144",Direct,"Customer Acquisition",Completed,2024-06-06,2024-08-17,1700304.00,1229431.38,470872.62,72.31,8491420,236428,2.78,5.20,8445,3725177.08,3.57,3.03
147,"Premium Promotion 2025 - Direct - 147",Direct,"Product Launch",Completed,2025-11-14,2026-01-12,708933.00,685821.43,23111.57,96.74,2509912,100178,3.99,6.85,6648,3435965.36,6.64,5.01
173,"Republic Day Bonanza 2025 - Direct - 173",Direct,"Brand Awareness",Completed,2025-02-20,2025-05-06,773537.00,607709.70,165827.30,78.56,4651458,194921,4.19,3.12,10255,1689432.97,5.26,2.78
180,"Super Drive 2025 - Direct - 180",Direct,"App Install",Completed,2025-01-11,2025-02-23,421253.00,352375.44,68877.56,83.65,1182504,33201,2.81,10.61,1829,2297487.87,5.51,6.52
183,"Big Savings Launch 2025 - Direct - 183",Direct,"Festival Sale",Completed,2025-04-01,2025-04-23,1057975.00,919563.68,138411.32,86.92,4168778,160693,3.85,5.72,5689,1489693.16,3.54,1.62
187,"Home Offers 2025 - Direct - 187",Direct,"Brand Awareness",Completed,2025-11-20,2026-02-12,619070.00,518896.79,100173.21,83.82,3507911,75759,2.16,6.85,4830,2962900.67,6.38,5.71
198,"Grocery Bonanza 2025 - Direct - 198",Direct,"Product Launch",Completed,2025-07-20,2025-10-17,419629.00,318438.63,101190.37,75.89,1972936,68939,3.49,4.62,2225,1442526.99,3.23,4.53
215,"Home Campaign 2025 - Direct - 215",Direct,"Product Launch",Completed,2025-02-09,2025-04-07,1023214.00,819001.84,204212.16,80.04,3069887,138399,4.51,5.92,9509,1842754.14,6.87,2.25
216,"Weekend Launch 2025 - Direct - 216",Direct,"Flash Sale",Completed,2025-09-09,2025-10-19,769280.00,605757.57,163522.43,78.74,2471547,79547,3.22,7.62,3881,1714293.92,4.88,2.83
251,"Monsoon Promotion 2025 - Direct - 251",Direct,Retargeting,Completed,2025-03-01,2025-05-09,1227545.00,1086149.14,141395.86,88.48,6391210,165191,2.58,6.58,7526,2845710.75,4.56,2.62
255,"Big Savings Campaign 2025 - Direct - 255",Direct,"Loyalty Campaign",Completed,2025-10-04,2025-10-28,216264.00,183799.10,32464.90,84.99,827776,23069,2.79,7.97,755,380464.14,3.27,2.07
261,"Diwali Launch 2024 - Direct - 261",Direct,"Seasonal Sale",Completed,2024-11-10,2024-12-08,1131859.00,1118679.09,13179.91,98.84,3791352,75762,2.00,14.77,2575,1946501.62,3.40,1.74
266,"Fashion Carnival 2024 - Direct - 266",Direct,Retargeting,Completed,2024-02-11,2024-03-24,291287.00,266046.17,25240.83,91.33,903959,26095,2.89,10.20,585,835384.97,2.24,3.14
276,"Republic Day Drive 2025 - Direct - 276",Direct,"App Install",Completed,2025-07-31,2025-09-02,1236917.00,980523.80,256393.20,79.27,4707752,85488,1.82,11.47,2704,2647414.26,3.16,2.70
278,"Super Festival 2024 - Direct - 278",Direct,"Loyalty Campaign",Completed,2024-05-31,2024-08-29,1875199.00,1608711.59,266487.41,85.79,8663884,151952,1.75,10.59,8391,8268777.57,5.52,5.14
283,"Mega Sale 2024 - Direct - 283",Direct,"Flash Sale",Completed,2024-03-10,2024-05-08,200972.00,163949.17,37022.83,81.58,650940,31843,4.89,5.15,2045,690226.01,6.42,4.21
285,"Monsoon Campaign 2024 - Direct - 285",Direct,"Product Launch",Completed,2024-11-22,2025-01-09,456736.00,441380.25,15355.75,96.64,2963023,52223,1.76,8.45,3503,3036696.12,6.71,6.88
307,"Christmas Bonanza 2025 - Direct - 307",Direct,"Loyalty Campaign",Completed,2025-10-17,2025-12-12,495019.00,368778.66,126240.34,74.50,1430564,66505,4.65,5.55,4008,2179481.88,6.03,5.91
319,"Christmas Promotion 2025 - Direct - 319",Direct,"Customer Acquisition",Completed,2025-01-10,2025-01-29,1406808.00,1005271.36,401536.64,71.46,3361634,128310,3.82,7.83,6759,1618486.89,5.27,1.61
330,"End of Season Sale 2024 - Direct - 330",Direct,"Customer Acquisition",Completed,2024-06-01,2024-08-26,124421.00,111110.39,13310.61,89.30,749495,33509,4.47,3.32,2097,697773.25,6.26,6.28
335,"New Year Promotion 2024 - Direct - 335",Direct,"Flash Sale",Completed,2024-12-15,2025-02-13,1194682.00,970281.43,224400.57,81.22,6973518,323506,4.64,3.00,14435,5841094.21,4.46,6.02
351,"End of Season Week 2025 - Direct - 351",Direct,"Flash Sale",Completed,2025-11-15,2026-01-13,611342.00,603803.57,7538.43,98.77,2486228,65220,2.62,9.26,4291,4045483.92,6.58,6.70
353,"Mega Carnival 2024 - Direct - 353",Direct,"Flash Sale",Completed,2024-11-24,2025-02-12,1721766.00,1483116.23,238649.77,86.14,12224878,211386,1.73,7.02,11312,8527918.32,5.35,5.75
366,"Diwali Week 2025 - Direct - 366",Direct,"Brand Awareness",Completed,2025-04-28,2025-06-01,1637688.00,1567511.83,70176.17,95.71,10878048,353964,3.25,4.43,8681,5486291.41,2.45,3.50
378,"End of Season Promotion 2024 - Direct - 378",Direct,"Brand Awareness",Completed,2024-04-05,2024-06-20,1835438.00,1285467.47,549970.53,70.04,4451183,172481,3.87,7.45,7170,4897631.06,4.16,3.81
414,"Premium Bonanza 2025 - Direct - 414",Direct,"Email Promotion",Completed,2025-06-13,2025-08-01,965922.00,730623.58,235298.42,75.64,5521494,109225,1.98,6.69,2787,2922494.32,2.55,4.00
436,"Super Festival 2025 - Direct - 436",Direct,"Festival Sale",Completed,2025-07-23,2025-10-19,179138.00,150137.52,29000.48,83.81,1013762,24608,2.43,6.10,1586,430894.68,6.45,2.87
446,"Super Sale 2025 - Direct - 446",Direct,"Loyalty Campaign",Completed,2025-07-15,2025-09-29,889801.00,778488.21,111312.79,87.49,3251353,53718,1.65,14.49,1531,2382173.92,2.85,3.06
447,"Summer Festival 2024 - Direct - 447",Direct,"Festival Sale",Completed,2024-10-04,2024-10-25,915047.00,821814.55,93232.45,89.81,3433717,161214,4.70,5.10,6127,1717592.41,3.80,2.09
471,"Monsoon Bonanza 2024 - Direct - 471",Direct,"Seasonal Sale",Completed,2024-03-10,2024-05-18,1087374.00,805052.28,282321.72,74.04,3285505,80838,2.46,9.96,3747,3534179.51,4.64,4.39
477,"Winter Carnival 2025 - Direct - 477",Direct,"Flash Sale",Completed,2025-11-19,2026-02-03,1109769.00,828571.17,281197.83,74.66,4083417,184908,4.53,4.48,11981,3347427.53,6.48,4.04
482,"Mega Promotion 2024 - Direct - 482",Direct,"Customer Acquisition",Completed,2024-11-13,2025-01-08,1519179.00,1515861.27,3317.73,99.78,9659247,157246,1.63,9.64,6192,9489291.55,3.94,6.26
487,"End of Season Week 2025 - Direct - 487",Direct,"App Install",Completed,2025-03-12,2025-05-16,1420095.00,1350300.63,69794.37,95.09,5491576,200832,3.66,6.72,7154,8101803.78,3.56,6.00
22,"Big Savings Promotion 2024 - Email - 022",Email,"Seasonal Sale",Completed,2024-02-28,2024-03-20,430160.00,308452.20,121707.80,71.71,1459029,65360,4.48,4.72,1531,576805.61,2.34,1.87
23,"Smart Shopping Offers 2025 - Email - 023",Email,"Festival Sale",Completed,2025-02-17,2025-03-19,1314081.00,1154230.60,159850.40,87.84,4986121,147952,2.97,7.80,7276,5055530.03,4.92,4.38
28,"Winter Sale 2024 - Email - 028",Email,"Flash Sale",Completed,2024-04-04,2024-06-12,799518.00,744619.71,54898.29,93.13,3172909,76684,2.42,9.71,4375,3373127.29,5.71,4.53
34,"Christmas Carnival 2024 - Email - 034",Email,"Product Launch",Completed,2024-12-05,2024-12-23,1317584.00,1302774.74,14809.26,98.88,7764597,145928,1.88,8.93,6089,7178288.82,4.17,5.51
43,"Back to School Drive 2025 - Email - 043",Email,"Seasonal Sale",Completed,2025-07-15,2025-09-25,643564.00,595639.74,47924.26,92.55,2196511,54266,2.47,10.98,3195,2483817.72,5.89,4.17
47,"Grocery Drive 2024 - Email - 047",Email,Retargeting,Completed,2024-08-13,2024-10-29,160869.00,131374.82,29494.18,81.67,546490,23463,4.29,5.60,1318,804013.90,5.62,6.12
61,"Summer Promotion 2024 - Email - 061",Email,"Email Promotion",Completed,2024-08-20,2024-10-20,365463.00,285899.29,79563.71,78.23,967925,33265,3.44,8.59,1825,626119.45,5.49,2.19
97,"Premium Bonanza 2024 - Email - 097",Email,"Seasonal Sale",Completed,2024-10-10,2024-11-12,1774604.00,1335121.79,439482.21,75.23,5586508,88838,1.59,15.03,1842,7797111.25,2.07,5.84
100,"Grocery Festival 2024 - Email - 100",Email,Retargeting,Completed,2024-03-03,2024-05-18,1128168.00,1030830.11,97337.89,91.37,5158245,239726,4.65,4.30,8655,2391525.86,3.61,2.32
134,"Big Savings Week 2025 - Email - 134",Email,Retargeting,Paused,2025-09-03,2025-11-25,607381.00,556095.75,51285.25,91.56,3225071,48552,1.51,11.45,1827,2580284.28,3.76,4.64
141,"Monsoon Campaign 2025 - Email - 141",Email,"Email Promotion",Completed,2025-07-12,2025-09-02,1486048.00,1172034.15,314013.85,78.87,5852421,234788,4.01,4.99,6652,4617814.55,2.83,3.94
143,"Kids Sale 2024 - Email - 143",Email,"Loyalty Campaign",Completed,2024-02-01,2024-03-05,364723.00,262662.57,102060.43,72.02,1009725,28092,2.78,9.35,1099,1213501.07,3.91,4.62
146,"Monsoon Drive 2024 - Email - 146",Email,"Product Launch",Completed,2024-07-23,2024-08-22,462086.00,448040.30,14045.70,96.96,2238858,40462,1.81,11.07,2188,2755447.85,5.41,6.15
148,"Republic Day Carnival 2025 - Email - 148",Email,"App Install",Completed,2025-06-04,2025-07-17,596471.00,558960.08,37510.92,93.71,4481319,154115,3.44,3.63,5925,3309043.67,3.84,5.92
166,"Mega Offers 2024 - Email - 166",Email,"Loyalty Campaign",Completed,2024-02-02,2024-04-30,139714.00,116285.58,23428.42,83.23,595175,17530,2.95,6.63,529,495376.57,3.02,4.26
169,"Back to School Campaign 2024 - Email - 169",Email,"App Install",Completed,2024-10-22,2024-12-02,1106220.00,890109.91,216110.09,80.46,3089950,132370,4.28,6.72,4457,1931538.50,3.37,2.17
170,"Super Bonanza 2025 - Email - 170",Email,"Email Promotion",Completed,2025-01-23,2025-03-29,188219.00,147994.55,40224.45,78.63,595442,16150,2.71,9.16,680,430664.14,4.21,2.91
177,"Home Launch 2025 - Email - 177",Email,"Seasonal Sale",Completed,2025-08-04,2025-09-12,1180621.00,942581.83,238039.17,79.84,4905448,89958,1.83,10.48,6214,3892862.96,6.91,4.13
179,"Weekend Launch 2025 - Email - 179",Email,"Festival Sale",Completed,2025-11-14,2025-12-14,1538800.00,1309143.55,229656.45,85.08,4656863,184525,3.96,7.09,6559,2814658.63,3.55,2.15
185,"Super Launch 2024 - Email - 185",Email,"App Install",Completed,2024-02-02,2024-03-24,885301.00,883403.78,1897.22,99.79,4677897,212548,4.54,4.16,13887,3153751.49,6.53,3.57
190,"Fashion Offers 2024 - Email - 190",Email,"App Install",Completed,2024-11-22,2025-02-18,732845.00,705639.96,27205.04,96.29,2372495,78870,3.32,8.95,3208,2123976.28,4.07,3.01
202,"Grocery Carnival 2025 - Email - 202",Email,"Product Launch",Paused,2025-07-02,2025-08-22,324429.00,316452.80,7976.20,97.54,1476065,34589,2.34,9.15,1763,914548.59,5.10,2.89
240,"Smart Shopping Carnival 2024 - Email - 240",Email,"Email Promotion",Completed,2024-11-26,2025-01-16,1287286.00,1230293.69,56992.31,95.57,4697666,217480,4.63,5.66,12638,2153013.96,5.81,1.75
242,"Electronics Bonanza 2024 - Email - 242",Email,"Seasonal Sale",Completed,2024-06-11,2024-07-31,272848.00,221430.65,51417.35,81.16,783314,16287,2.08,13.60,648,704149.47,3.98,3.18
249,"Summer Campaign 2025 - Email - 249",Email,"Email Promotion",Completed,2025-05-26,2025-06-19,763691.00,564821.94,198869.06,73.96,2054297,71681,3.49,7.88,2743,2970963.40,3.83,5.26
252,"Monsoon Bonanza 2025 - Email - 252",Email,"Customer Acquisition",Completed,2025-07-03,2025-08-28,1565229.00,1301090.05,264138.95,83.12,4461639,104189,2.34,12.49,3357,8574183.43,3.22,6.59
253,"Weekend Festival 2025 - Email - 253",Email,"Festival Sale",Completed,2025-04-09,2025-05-01,126560.00,115469.57,11090.43,91.24,468874,9721,2.07,11.88,657,505756.72,6.76,4.38
274,"Christmas Promotion 2024 - Email - 274",Email,"Flash Sale",Completed,2024-04-12,2024-05-28,1811874.00,1698398.44,113475.56,93.74,6721782,280578,4.17,6.05,18908,7931520.71,6.74,4.67
289,"Christmas Festival 2024 - Email - 289",Email,"Festival Sale",Completed,2024-11-11,2025-01-15,1446091.00,1248320.43,197770.57,86.32,8144126,374566,4.60,3.33,14409,4930865.70,3.85,3.95
334,"End of Season Week 2024 - Email - 334",Email,"Brand Awareness",Completed,2024-08-16,2024-10-28,1092233.00,999390.38,92842.62,91.50,5390658,166240,3.08,6.01,4134,5116878.75,2.49,5.12
338,"Big Savings Carnival 2025 - Email - 338",Email,"Product Launch",Completed,2025-03-19,2025-06-16,1550846.00,1354766.83,196079.17,87.36,5386981,105010,1.95,12.90,4134,6502880.78,3.94,4.80
342,"Premium Bonanza 2025 - Email - 342",Email,"Brand Awareness",Completed,2025-11-14,2026-01-21,1940203.00,1851322.94,88880.06,95.42,6973102,232173,3.33,7.97,4936,4258042.76,2.13,2.30
347,"Winter Launch 2024 - Email - 347",Email,Retargeting,Completed,2024-06-26,2024-09-14,685340.00,594175.79,91164.21,86.70,4143139,146830,3.54,4.05,4808,1972663.62,3.27,3.32
356,"Smart Shopping Sale 2024 - Email - 356",Email,"Loyalty Campaign",Completed,2024-01-07,2024-01-30,1569856.00,1498388.89,71467.11,95.45,8126369,264913,3.26,5.66,9137,7896509.45,3.45,5.27
379,"Back to School Launch 2025 - Email - 379",Email,Retargeting,Completed,2025-06-26,2025-09-03,835089.00,732134.57,102954.43,87.67,2888663,120324,4.17,6.08,6598,1493554.52,5.48,2.04
380,"Monsoon Bonanza 2024 - Email - 380",Email,"Loyalty Campaign",Completed,2024-09-17,2024-12-02,1354709.00,1304625.26,50083.74,96.30,6740284,145696,2.16,8.95,8079,7619011.52,5.55,5.84
390,"New Year Campaign 2024 - Email - 390",Email,"Email Promotion",Completed,2024-04-19,2024-07-14,345385.00,324966.76,20418.24,94.09,1112108,50783,4.57,6.40,3080,1514345.10,6.07,4.66
392,"Diwali Campaign 2025 - Email - 392",Email,"Customer Acquisition",Completed,2025-01-26,2025-03-10,964919.00,952021.61,12897.39,98.66,4470198,68574,1.53,13.88,4224,2732302.02,6.16,2.87
404,"Home Week 2025 - Email - 404",Email,"Flash Sale",Completed,2025-05-14,2025-07-25,700883.00,588128.88,112754.12,83.91,2012850,91361,4.54,6.44,4753,3887531.90,5.20,6.61
408,"Monsoon Launch 2024 - Email - 408",Email,Retargeting,Completed,2024-04-16,2024-06-03,748797.00,575680.22,173116.78,76.88,2277515,69488,3.05,8.28,1828,2532992.97,2.63,4.40
412,"Back to School Bonanza 2024 - Email - 412",Email,"Seasonal Sale",Completed,2024-01-09,2024-03-26,119152.00,110782.85,8369.15,92.98,420215,15083,3.59,7.34,902,500738.48,5.98,4.52
434,"Christmas Campaign 2025 - Email - 434",Email,"App Install",Completed,2025-01-19,2025-04-14,1048758.00,874926.30,173831.70,83.42,4569371,184698,4.04,4.74,12771,4182147.71,6.91,4.78
438,"Smart Shopping Launch 2024 - Email - 438",Email,"Customer Acquisition",Paused,2024-04-07,2024-05-30,264579.00,247126.46,17452.54,93.40,864269,23079,2.67,10.71,1476,961321.93,6.40,3.89
455,"Christmas Carnival 2024 - Email - 455",Email,"Loyalty Campaign",Completed,2024-11-06,2025-01-16,1733907.00,1311492.72,422414.28,75.64,9127983,145289,1.59,9.03,10068,6413199.40,6.93,4.89
459,"Home Week 2024 - Email - 459",Email,"Customer Acquisition",Completed,2024-02-12,2024-04-15,1657067.00,1444267.01,212799.99,87.16,6670711,249810,3.74,5.78,13790,2469696.59,5.52,1.71
460,"Winter Offers 2025 - Email - 460",Email,"Brand Awareness",Completed,2025-04-07,2025-06-19,1187798.00,1023122.57,164675.43,86.14,3443819,56388,1.64,18.14,2219,5842029.87,3.94,5.71
462,"Big Savings Festival 2025 - Email - 462",Email,"Email Promotion",Completed,2025-10-23,2026-01-03,477007.00,445342.96,31664.04,93.36,1541984,60698,3.94,7.34,1624,1678942.96,2.68,3.77
467,"Premium Sale 2025 - Email - 467",Email,"Customer Acquisition",Completed,2025-04-14,2025-07-01,1375034.00,1326647.76,48386.24,96.48,8148035,290153,3.56,4.57,12704,4988195.58,4.38,3.76
468,"Premium Bonanza 2025 - Email - 468",Email,"Product Launch",Completed,2025-09-07,2025-09-22,1399743.00,1243798.51,155944.49,88.86,4647597,103489,2.23,12.02,3026,2238837.32,2.92,1.80
472,"Big Savings Festival 2025 - Email - 472",Email,"Product Launch",Completed,2025-09-18,2025-10-10,1114314.00,1022073.58,92240.42,91.72,4465932,190188,4.26,5.37,10525,3934983.28,5.53,3.85
489,"Home Carnival 2024 - Email - 489",Email,"Customer Acquisition",Completed,2024-05-27,2024-07-14,1567198.00,1528299.09,38898.91,97.52,8516144,384314,4.51,3.98,13926,6388290.20,3.62,4.18
490,"Kids Carnival 2025 - Email - 490",Email,"Customer Acquisition",Completed,2025-05-01,2025-05-30,691936.00,643765.11,48170.89,93.04,2813668,54750,1.95,11.76,1376,3862590.66,2.51,6.00
494,"Winter Festival 2025 - Email - 494",Email,Retargeting,Completed,2025-09-02,2025-11-04,556364.00,525825.22,30538.78,94.51,1879913,87630,4.66,6.00,4539,788737.83,5.18,1.50
2,"Big Savings Week 2024 - Facebook Ads - 002","Facebook Ads","Festival Sale",Completed,2024-01-31,2024-02-26,155649.00,135161.47,20487.53,86.84,543071,21476,3.95,6.29,880,536591.04,4.10,3.97
30,"Mega Campaign 2025 - Facebook Ads - 030","Facebook Ads","Seasonal Sale",Completed,2025-01-01,2025-02-11,1736022.00,1506806.43,229215.57,86.80,5430945,266574,4.91,5.65,15321,9929854.37,5.75,6.59
38,"Grocery Week 2024 - Facebook Ads - 038","Facebook Ads",Retargeting,Completed,2024-01-01,2024-02-23,1372261.00,1230110.80,142150.20,89.64,6038898,184038,3.05,6.68,5647,5043454.28,3.07,4.10
52,"Summer Bonanza 2024 - Facebook Ads - 052","Facebook Ads","Seasonal Sale",Completed,2024-06-16,2024-08-09,1307533.00,1180969.28,126563.72,90.32,4037900,116626,2.89,10.13,6501,2267461.02,5.57,1.92
62,"Back to School Drive 2024 - Facebook Ads - 062","Facebook Ads","Customer Acquisition",Completed,2024-04-15,2024-05-01,1023730.00,821248.27,202481.73,80.22,2795362,66632,2.38,12.33,4203,1749258.82,6.31,2.13
84,"Kids Bonanza 2025 - Facebook Ads - 084","Facebook Ads","Flash Sale",Completed,2025-04-15,2025-06-01,1521053.00,1314158.52,206894.48,86.40,9859012,474053,4.81,2.77,32891,4139599.34,6.94,3.15
130,"Big Savings Carnival 2024 - Facebook Ads - 130","Facebook Ads","Brand Awareness",Completed,2024-06-13,2024-08-01,1842831.00,1531838.10,310992.90,83.12,5275753,120135,2.28,12.75,5112,5238886.30,4.26,3.42
132,"Back to School Carnival 2024 - Facebook Ads - 132","Facebook Ads",Retargeting,Paused,2024-05-29,2024-06-30,1691405.00,1541987.72,149417.28,91.17,7681200,116629,1.52,13.22,2794,4487184.27,2.40,2.91
135,"Electronics Festival 2025 - Facebook Ads - 135","Facebook Ads","Brand Awareness",Completed,2025-11-11,2025-12-06,1203226.00,1038654.27,164571.73,86.32,3971085,130119,3.28,7.98,2734,6543521.90,2.10,6.30
138,"Winter Offers 2025 - Facebook Ads - 138","Facebook Ads","Festival Sale",Completed,2025-04-13,2025-05-02,1957637.00,1394956.89,562680.11,71.26,4843486,160021,3.30,8.72,11114,6263356.44,6.95,4.49
163,"End of Season Bonanza 2025 - Facebook Ads - 163","Facebook Ads","Brand Awareness",Completed,2025-09-19,2025-11-13,1345130.00,1077330.81,267799.19,80.09,4003576,134647,3.36,8.00,7464,3393592.05,5.54,3.15
186,"Premium Launch 2024 - Facebook Ads - 186","Facebook Ads","Email Promotion",Completed,2024-05-16,2024-07-14,1209063.00,892535.30,316527.70,73.82,3013587,133257,4.42,6.70,7703,6140642.86,5.78,6.88
218,"Monsoon Launch 2025 - Facebook Ads - 218","Facebook Ads","Flash Sale",Completed,2025-03-24,2025-05-15,1511336.00,1284319.68,227016.32,84.98,5488534,128819,2.35,9.97,6818,6973855.86,5.29,5.43
223,"Republic Day Promotion 2024 - Facebook Ads - 223","Facebook Ads","Brand Awareness",Completed,2024-12-22,2025-02-14,1112769.00,895211.63,217557.37,80.45,6507215,262044,4.03,3.42,11168,1674045.75,4.26,1.87
224,"Mega Carnival 2024 - Facebook Ads - 224","Facebook Ads","Seasonal Sale",Completed,2024-04-27,2024-05-14,1652919.00,1277993.80,374925.20,77.32,8441086,173926,2.06,7.35,8347,8652018.03,4.80,6.77
229,"Weekend Drive 2024 - Facebook Ads - 229","Facebook Ads","Festival Sale",Completed,2024-05-21,2024-08-17,1432743.00,1233898.02,198844.98,86.12,4322656,205647,4.76,6.00,5894,2986033.21,2.87,2.42
231,"Back to School Launch 2025 - Facebook Ads - 231","Facebook Ads","Festival Sale",Completed,2025-06-01,2025-08-18,1589276.00,1512939.17,76336.83,95.20,7274938,130173,1.79,11.62,2804,8608623.88,2.15,5.69
232,"New Year Carnival 2024 - Facebook Ads - 232","Facebook Ads","Customer Acquisition",Completed,2024-02-03,2024-03-24,1737330.00,1454486.45,282843.55,83.72,5734151,239728,4.18,6.07,11383,3083511.27,4.75,2.12
234,"Electronics Festival 2024 - Facebook Ads - 234","Facebook Ads","Product Launch",Completed,2024-10-31,2024-11-19,1020796.00,979542.72,41253.28,95.96,6940737,301339,4.34,3.25,9189,5446257.52,3.05,5.56
246,"Monsoon Festival 2025 - Facebook Ads - 246","Facebook Ads",Retargeting,Completed,2025-02-25,2025-05-07,393628.00,364394.70,29233.30,92.57,1611486,45832,2.84,7.95,3124,1176994.88,6.82,3.23
247,"Diwali Promotion 2024 - Facebook Ads - 247","Facebook Ads","Festival Sale",Completed,2024-09-10,2024-10-30,1360386.00,1197142.89,163243.11,88.00,5219339,220589,4.23,5.43,12027,7374400.20,5.45,6.16
267,"Premium Promotion 2024 - Facebook Ads - 267","Facebook Ads","Seasonal Sale",Completed,2024-02-01,2024-04-07,623978.00,454516.55,169461.45,72.84,3285424,140561,4.28,3.23,3664,836310.45,2.61,1.84
291,"Home Promotion 2025 - Facebook Ads - 291","Facebook Ads","Festival Sale",Completed,2025-08-26,2025-10-09,977935.00,967850.84,10084.16,98.97,3971937,189749,4.78,5.10,9228,2709982.35,4.86,2.80
300,"Weekend Festival 2025 - Facebook Ads - 300","Facebook Ads",Retargeting,Completed,2025-01-17,2025-02-08,752472.00,686909.73,65562.27,91.29,3566336,150920,4.23,4.55,6974,3180392.05,4.62,4.63
310,"Super Bonanza 2024 - Facebook Ads - 310","Facebook Ads","Customer Acquisition",Completed,2024-07-04,2024-08-25,1620826.00,1527633.63,93192.37,94.25,5936585,127086,2.14,12.02,6860,5117572.66,5.40,3.35
316,"Summer Offers 2024 - Facebook Ads - 316","Facebook Ads",Retargeting,Completed,2024-11-25,2025-02-15,574513.00,521690.79,52822.21,90.81,2866701,55936,1.95,9.33,2191,2472814.34,3.92,4.74
320,"Premium Bonanza 2025 - Facebook Ads - 320","Facebook Ads","Customer Acquisition",Completed,2025-03-02,2025-05-12,1094881.00,996955.35,97925.65,91.06,6350475,247674,3.90,4.03,5068,3798399.88,2.05,3.81
323,"Monsoon Festival 2024 - Facebook Ads - 323","Facebook Ads","Customer Acquisition",Paused,2024-12-04,2025-01-18,1851608.00,1615057.36,236550.64,87.22,7729813,372813,4.82,4.33,21987,3084759.56,5.90,1.91
339,"End of Season Offers 2025 - Facebook Ads - 339","Facebook Ads","Loyalty Campaign",Completed,2025-05-31,2025-08-03,673772.00,552062.50,121709.50,81.94,3038074,76851,2.53,7.18,4629,1247661.25,6.02,2.26
344,"Premium Offers 2025 - Facebook Ads - 344","Facebook Ads","Brand Awareness",Completed,2025-01-02,2025-03-15,1656952.00,1481540.16,175411.84,89.41,7797596,256402,3.29,5.78,15343,7896609.05,5.98,5.33
369,"Winter Campaign 2025 - Facebook Ads - 369","Facebook Ads","App Install",Completed,2025-04-25,2025-07-07,316478.00,288349.71,28128.29,91.11,1348391,59379,4.40,4.86,3666,850631.64,6.17,2.95
375,"Back to School Drive 2024 - Facebook Ads - 375","Facebook Ads","Loyalty Campaign",Completed,2024-03-28,2024-05-09,457704.00,350513.91,107190.09,76.58,1807350,36137,2.00,9.70,1775,2004939.57,4.91,5.72
382,"End of Season Bonanza 2025 - Facebook Ads - 382","Facebook Ads","App Install",Completed,2025-07-02,2025-09-09,1527333.00,1251246.55,276086.45,81.92,7986772,274135,3.43,4.56,13125,3103091.44,4.79,2.48
394,"Diwali Bonanza 2025 - Facebook Ads - 394","Facebook Ads","Customer Acquisition",Completed,2025-05-25,2025-07-04,533646.00,410246.90,123399.10,76.88,1517806,67195,4.43,6.11,2540,2371227.08,3.78,5.78
405,"Monsoon Festival 2025 - Facebook Ads - 405","Facebook Ads","Flash Sale",Completed,2025-10-08,2026-01-04,439737.00,353147.35,86589.65,80.31,2001665,75773,3.79,4.66,4207,1705701.70,5.55,4.83
411,"Christmas Carnival 2025 - Facebook Ads - 411","Facebook Ads","App Install",Completed,2025-03-28,2025-05-21,736638.00,517979.35,218658.65,70.32,2418238,100454,4.15,5.16,2693,1595376.40,2.68,3.08
416,"Summer Drive 2024 - Facebook Ads - 416","Facebook Ads","Brand Awareness",Completed,2024-01-09,2024-02-22,555476.00,445810.52,109665.48,80.26,2531808,108820,4.30,4.10,7606,1805532.61,6.99,4.05
424,"Fashion Drive 2025 - Facebook Ads - 424","Facebook Ads","Email Promotion",Completed,2025-08-03,2025-09-10,677397.00,650503.36,26893.64,96.03,2856061,128864,4.51,5.05,3610,2875224.85,2.80,4.42
445,"Mega Bonanza 2024 - Facebook Ads - 445","Facebook Ads","Festival Sale",Paused,2024-05-31,2024-07-21,1043847.00,878248.08,165598.92,84.14,4886273,199850,4.09,4.39,6114,3960898.84,3.06,4.51
454,"Mega Carnival 2024 - Facebook Ads - 454","Facebook Ads","Flash Sale",Completed,2024-03-10,2024-06-04,766050.00,729169.87,36880.13,95.19,4987682,79962,1.60,9.12,2873,4994813.61,3.59,6.85
469,"Smart Shopping Week 2024 - Facebook Ads - 469","Facebook Ads","Festival Sale",Completed,2024-02-07,2024-03-11,725877.00,580217.68,145659.32,79.93,4273015,80379,1.88,7.22,5601,1386720.26,6.97,2.39
475,"Premium Offers 2025 - Facebook Ads - 475","Facebook Ads","App Install",Completed,2025-02-27,2025-03-19,123692.00,110356.21,13335.79,89.22,451903,10802,2.39,10.22,252,347622.06,2.33,3.15
480,"Monsoon Drive 2024 - Facebook Ads - 480","Facebook Ads","Customer Acquisition",Completed,2024-11-18,2024-12-07,1939304.00,1495770.97,443533.03,77.13,7428964,358636,4.83,4.17,11048,4726636.27,3.08,3.16
493,"End of Season Drive 2025 - Facebook Ads - 493","Facebook Ads","Customer Acquisition",Completed,2025-08-10,2025-10-26,782367.00,677941.59,104425.41,86.65,2529971,53549,2.12,12.66,3630,1274530.19,6.78,1.88
497,"Electronics Festival 2024 - Facebook Ads - 497","Facebook Ads","Flash Sale",Completed,2024-02-24,2024-03-10,1906167.00,1495698.29,410468.71,78.47,11907169,358525,3.01,4.17,17749,7388749.55,4.95,4.94
498,"Republic Day Carnival 2025 - Facebook Ads - 498","Facebook Ads","Festival Sale",Completed,2025-02-19,2025-04-23,1095877.00,812834.61,283042.39,74.17,3695107,164493,4.45,4.94,6253,3080643.17,3.80,3.79
3,"Fashion Bonanza 2024 - Google Ads - 003","Google Ads","Product Launch",Completed,2024-01-07,2024-02-11,426064.00,325766.03,100297.97,76.46,1265459,23508,1.86,13.86,916,1130408.12,3.90,3.47
8,"Kids Carnival 2024 - Google Ads - 008","Google Ads","Loyalty Campaign",Completed,2024-08-05,2024-10-22,655493.00,486303.11,169189.89,74.19,1913840,64810,3.39,7.50,3716,1877130.00,5.73,3.86
27,"New Year Week 2024 - Google Ads - 027","Google Ads","Brand Awareness",Completed,2024-04-19,2024-07-13,541722.00,495829.29,45892.71,91.53,3165254,117742,3.72,4.21,3908,2077524.73,3.32,4.19
44,"New Year Offers 2024 - Google Ads - 044","Google Ads",Retargeting,Completed,2024-10-08,2024-12-18,669827.00,536366.82,133460.18,80.08,1910513,34045,1.78,15.75,937,1936284.22,2.75,3.61
49,"Fashion Campaign 2025 - Google Ads - 049","Google Ads","Email Promotion",Completed,2025-01-23,2025-03-20,1696414.00,1635159.88,61254.12,96.39,9613713,464266,4.83,3.52,19071,9958123.67,4.11,6.09
54,"Grocery Drive 2025 - Google Ads - 054","Google Ads",Retargeting,Paused,2025-10-25,2025-12-22,321331.00,266723.05,54607.95,83.01,1440237,66546,4.62,4.01,2860,624131.94,4.30,2.34
63,"Winter Carnival 2025 - Google Ads - 063","Google Ads","Flash Sale",Completed,2025-02-14,2025-05-02,412890.00,389496.74,23393.26,94.33,1339201,24080,1.80,16.18,780,1780000.10,3.24,4.57
74,"Summer Promotion 2024 - Google Ads - 074","Google Ads",Retargeting,Completed,2024-09-02,2024-10-07,955618.00,695654.32,259963.68,72.80,2329670,109383,4.70,6.36,4711,1495656.79,4.31,2.15
82,"New Year Sale 2025 - Google Ads - 082","Google Ads","Flash Sale",Completed,2025-10-10,2025-11-06,196450.00,156632.02,39817.98,79.73,1203922,33163,2.75,4.72,1377,444834.94,4.15,2.84
86,"Smart Shopping Sale 2024 - Google Ads - 086","Google Ads","Product Launch",Completed,2024-01-23,2024-03-28,1371726.00,1266859.81,104866.19,92.36,4693620,218735,4.66,5.79,12858,3509201.67,5.88,2.77
99,"Diwali Week 2025 - Google Ads - 099","Google Ads","Brand Awareness",Completed,2025-08-30,2025-09-27,190943.00,175318.69,15624.31,91.82,618243,23531,3.81,7.45,825,883606.20,3.51,5.04
105,"Smart Shopping Promotion 2024 - Google Ads - 105","Google Ads","Customer Acquisition",Completed,2024-10-21,2024-12-14,546145.00,407653.03,138491.97,74.64,1971299,88027,4.47,4.63,3301,1858897.82,3.75,4.56
106,"Grocery Promotion 2024 - Google Ads - 106","Google Ads","Festival Sale",Completed,2024-10-12,2025-01-08,1709422.00,1616306.46,93115.54,94.55,7013904,262982,3.75,6.15,5604,10683785.70,2.13,6.61
133,"New Year Offers 2025 - Google Ads - 133","Google Ads","Email Promotion",Completed,2025-07-15,2025-10-05,731559.00,538833.08,192725.92,73.66,3307365,123574,3.74,4.36,6319,996841.20,5.11,1.85
140,"Back to School Campaign 2024 - Google Ads - 140","Google Ads",Retargeting,Completed,2024-12-13,2025-01-20,1772040.00,1516481.28,255558.72,85.58,5739754,232160,4.04,6.53,5559,7294274.96,2.39,4.81
156,"Electronics Promotion 2024 - Google Ads - 156","Google Ads","Brand Awareness",Completed,2024-12-19,2025-02-23,1277867.00,935213.58,342653.42,73.19,5719512,110319,1.93,8.48,4686,2122934.83,4.25,2.27
159,"Back to School Bonanza 2024 - Google Ads - 159","Google Ads","Flash Sale",Completed,2024-02-21,2024-04-12,1225522.00,860871.88,364650.12,70.25,6177790,121626,1.97,7.08,4040,3021660.30,3.32,3.51
165,"Smart Shopping Drive 2025 - Google Ads - 165","Google Ads","Seasonal Sale",Completed,2025-08-14,2025-09-27,457589.00,392277.18,65311.82,85.73,1570283,66126,4.21,5.93,2579,2361508.62,3.90,6.02
174,"Weekend Sale 2024 - Google Ads - 174","Google Ads","Brand Awareness",Completed,2024-06-28,2024-09-04,1853645.00,1518317.60,335327.40,81.91,7258804,346835,4.78,4.38,23621,10005712.98,6.81,6.59
207,"Smart Shopping Launch 2024 - Google Ads - 207","Google Ads","Customer Acquisition",Completed,2024-11-02,2024-12-07,1519845.00,1472665.56,47179.44,96.90,8194615,339636,4.14,4.34,9169,10220298.99,2.70,6.94
210,"Monsoon Festival 2025 - Google Ads - 210","Google Ads","Customer Acquisition",Completed,2025-09-25,2025-11-16,661978.00,494011.87,167966.13,74.63,1991165,74044,3.72,6.67,4219,1600598.46,5.70,3.24
213,"Weekend Launch 2025 - Google Ads - 213","Google Ads","Flash Sale",Completed,2025-07-26,2025-09-10,455470.00,337800.24,117669.76,74.17,1939111,62554,3.23,5.40,1448,1314042.93,2.31,3.89
220,"Diwali Campaign 2025 - Google Ads - 220","Google Ads","Product Launch",Completed,2025-07-03,2025-07-28,448837.00,401305.14,47531.86,89.41,3135847,154993,4.94,2.59,8350,1484829.02,5.39,3.70
225,"Grocery Launch 2025 - Google Ads - 225","Google Ads","Seasonal Sale",Completed,2025-02-18,2025-03-28,161220.00,148518.53,12701.47,92.12,532405,16363,3.07,9.08,678,225748.17,4.14,1.52
230,"Kids Week 2024 - Google Ads - 230","Google Ads","App Install",Completed,2024-05-23,2024-06-30,212430.00,203859.87,8570.13,95.97,699752,22364,3.20,9.12,665,735934.13,2.97,3.61
238,"Monsoon Launch 2025 - Google Ads - 238","Google Ads","Loyalty Campaign",Completed,2025-04-07,2025-05-01,1181319.00,1092650.04,88668.96,92.49,4458947,203801,4.57,5.36,8709,4567277.17,4.27,4.18
256,"Big Savings Sale 2025 - Google Ads - 256","Google Ads",Retargeting,Completed,2025-11-21,2025-12-20,192354.00,184199.48,8154.52,95.76,1507214,25033,1.66,7.36,956,1208348.59,3.82,6.56
258,"Big Savings Sale 2025 - Google Ads - 258","Google Ads","App Install",Completed,2025-05-29,2025-06-19,940800.00,678013.80,262786.20,72.07,3328214,82808,2.49,8.19,5154,2237445.54,6.22,3.30
282,"Weekend Festival 2024 - Google Ads - 282","Google Ads","Seasonal Sale",Completed,2024-08-31,2024-10-29,1823149.00,1663969.39,159179.61,91.27,7079561,325892,4.60,5.11,13795,4925349.39,4.23,2.96
287,"New Year Offers 2025 - Google Ads - 287","Google Ads","Flash Sale",Completed,2025-07-07,2025-08-24,301150.00,215289.31,85860.69,71.49,965775,42875,4.44,5.02,1186,749206.80,2.77,3.48
297,"Home Sale 2025 - Google Ads - 297","Google Ads","Product Launch",Completed,2025-02-16,2025-03-21,930037.00,899226.98,30810.02,96.69,5004910,116690,2.33,7.71,6684,5898928.99,5.73,6.56
299,"Grocery Week 2025 - Google Ads - 299","Google Ads","App Install",Completed,2025-03-29,2025-05-24,1453826.00,1056620.46,397205.54,72.68,5296104,248758,4.70,4.25,10039,4395541.11,4.04,4.16
321,"End of Season Carnival 2025 - Google Ads - 321","Google Ads","Customer Acquisition",Completed,2025-11-09,2026-01-29,978341.00,928637.18,49703.82,94.92,6686395,268504,4.02,3.46,6950,1977997.19,2.59,2.13
328,"Super Drive 2025 - Google Ads - 328","Google Ads","App Install",Completed,2025-01-02,2025-01-20,1123667.00,824638.14,299028.86,73.39,4250029,70588,1.66,11.68,2335,2663581.19,3.31,3.23
329,"Fashion Promotion 2025 - Google Ads - 329","Google Ads","Flash Sale",Completed,2025-08-13,2025-11-08,1197026.00,1085071.14,111954.86,90.65,4691529,141448,3.01,7.67,7968,4503045.23,5.63,4.15
354,"Grocery Festival 2024 - Google Ads - 354","Google Ads",Retargeting,Completed,2024-04-16,2024-05-27,1666343.00,1509395.25,156947.75,90.58,12145554,486919,4.01,3.10,10660,2867850.98,2.19,1.90
360,"Smart Shopping Sale 2024 - Google Ads - 360","Google Ads","Customer Acquisition",Completed,2024-07-17,2024-08-15,1885489.00,1744666.62,140822.38,92.53,5850389,200140,3.42,8.72,10454,3314866.58,5.22,1.90
393,"Weekend Drive 2025 - Google Ads - 393","Google Ads","Seasonal Sale",Completed,2025-02-12,2025-04-11,758238.00,611186.37,147051.63,80.61,2175219,53113,2.44,11.51,3577,3214840.31,6.73,5.26
401,"Fashion Drive 2025 - Google Ads - 401","Google Ads","Seasonal Sale",Completed,2025-10-07,2025-12-27,729217.00,565356.26,163860.74,77.53,2059357,34329,1.67,16.47,856,1356855.02,2.49,2.40
417,"Super Sale 2024 - Google Ads - 417","Google Ads","Flash Sale",Completed,2024-12-04,2024-12-29,658898.00,614551.45,44346.55,93.27,4625931,145509,3.15,4.22,4308,3767200.39,2.96,6.13
420,"Republic Day Festival 2024 - Google Ads - 420","Google Ads","Seasonal Sale",Completed,2024-07-22,2024-09-21,594856.00,529346.11,65509.89,88.99,2966980,61884,2.09,8.55,2091,1143387.60,3.38,2.16
458,"Monsoon Carnival 2025 - Google Ads - 458","Google Ads","Flash Sale",Completed,2025-11-18,2025-12-28,1021247.00,980538.77,40708.23,96.01,4709832,124204,2.64,7.89,5325,2804340.88,4.29,2.86
464,"Electronics Festival 2024 - Google Ads - 464","Google Ads","App Install",Completed,2024-04-03,2024-05-02,1198524.00,1093274.10,105249.90,91.22,4358499,214140,4.91,5.11,10836,2601992.36,5.06,2.38
495,"New Year Launch 2025 - Google Ads - 495","Google Ads","Festival Sale",Completed,2025-11-07,2025-12-11,1390948.00,1214825.36,176122.64,87.34,7826474,304082,3.89,4.00,10895,5636789.67,3.58,4.64
32,"Mega Launch 2024 - Instagram - 032",Instagram,"Seasonal Sale",Completed,2024-09-30,2024-11-04,1929066.00,1372756.90,556309.10,71.16,6705396,147418,2.20,9.31,9718,4694828.60,6.59,3.42
48,"Home Week 2025 - Instagram - 048",Instagram,"Festival Sale",Paused,2025-09-29,2025-12-21,1283615.00,1153841.43,129773.57,89.89,8539980,256211,3.00,4.50,16229,2884603.57,6.33,2.50
57,"End of Season Bonanza 2024 - Instagram - 057",Instagram,"Seasonal Sale",Completed,2024-09-21,2024-11-18,1265578.00,889758.71,375819.29,70.30,3061258,55091,1.80,16.15,3085,3728088.99,5.60,4.19
66,"New Year Drive 2024 - Instagram - 066",Instagram,"Seasonal Sale",Completed,2024-02-03,2024-03-18,249274.00,225895.96,23378.04,90.62,789007,33591,4.26,6.72,1721,1161105.23,5.12,5.14
70,"Christmas Carnival 2025 - Instagram - 070",Instagram,"Product Launch",Completed,2025-04-26,2025-07-16,1327525.00,1102861.97,224663.03,83.08,4137323,202385,4.89,5.45,8803,4135732.39,4.35,3.75
76,"Christmas Launch 2025 - Instagram - 076",Instagram,"Loyalty Campaign",Completed,2025-06-04,2025-07-06,812770.00,796737.72,16032.28,98.03,3768992,164777,4.37,4.84,5625,2501756.44,3.41,3.14
77,"Kids Promotion 2025 - Instagram - 077",Instagram,"Seasonal Sale",Completed,2025-08-16,2025-11-01,1115737.00,896536.17,219200.83,80.35,4087330,139051,3.40,6.45,5946,2931673.28,4.28,3.27
83,"Monsoon Week 2025 - Instagram - 083",Instagram,"Festival Sale",Completed,2025-08-02,2025-09-09,1926283.00,1569464.67,356818.33,81.48,6459653,209411,3.24,7.49,10294,4363111.78,4.92,2.78
94,"Diwali Campaign 2024 - Instagram - 094",Instagram,"Festival Sale",Completed,2024-08-10,2024-10-20,308361.00,306596.66,1764.34,99.43,1647303,76697,4.66,4.00,4006,561071.89,5.22,1.83
113,"Grocery Bonanza 2025 - Instagram - 113",Instagram,"Product Launch",Completed,2025-03-15,2025-06-11,341536.00,280575.13,60960.87,82.15,954610,20061,2.10,13.99,1351,1130717.77,6.73,4.03
142,"Grocery Bonanza 2024 - Instagram - 142",Instagram,Retargeting,Completed,2024-02-13,2024-04-13,1441064.00,1432429.41,8634.59,99.40,4928826,86877,1.76,16.49,4506,5013502.93,5.19,3.50
153,"End of Season Campaign 2024 - Instagram - 153",Instagram,"Loyalty Campaign",Completed,2024-06-06,2024-07-12,1866913.00,1824308.02,42604.98,97.72,14317846,647629,4.52,2.82,15582,12259349.89,2.41,6.72
161,"Mega Launch 2025 - Instagram - 161",Instagram,"App Install",Completed,2025-11-27,2025-12-27,882653.00,828342.63,54310.37,93.85,4575584,219002,4.79,3.78,12646,2145407.41,5.77,2.59
168,"Christmas Week 2024 - Instagram - 168",Instagram,"Festival Sale",Completed,2024-12-16,2025-03-10,1115399.00,845114.68,270284.32,75.77,5141430,177549,3.45,4.76,5547,5789035.56,3.12,6.85
196,"Diwali Promotion 2024 - Instagram - 196",Instagram,"App Install",Completed,2024-09-05,2024-10-16,774475.00,722317.33,52157.67,93.27,3831533,129037,3.37,5.60,4898,2123612.95,3.80,2.94
197,"Back to School Campaign 2025 - Instagram - 197",Instagram,"Festival Sale",Completed,2025-05-24,2025-08-06,525989.00,426688.31,99300.69,81.12,2193686,76095,3.47,5.61,2363,981383.11,3.11,2.30
201,"End of Season Week 2025 - Instagram - 201",Instagram,"Festival Sale",Completed,2025-06-01,2025-08-13,1113352.00,999551.06,113800.94,89.78,8137564,273645,3.36,3.65,11100,1589286.19,4.06,1.59
221,"Christmas Offers 2025 - Instagram - 221",Instagram,"Email Promotion",Paused,2025-03-16,2025-04-13,1170965.00,1082037.13,88927.87,92.41,4908559,191768,3.91,5.64,5954,3852052.18,3.10,3.56
222,"Super Campaign 2025 - Instagram - 222",Instagram,Retargeting,Completed,2025-11-26,2026-02-24,151511.00,128001.24,23509.76,84.48,739131,34901,4.72,3.67,847,776967.53,2.43,6.07
228,"Super Campaign 2025 - Instagram - 228",Instagram,"Loyalty Campaign",Completed,2025-09-21,2025-12-20,347173.00,267868.90,79304.10,77.16,1899095,53299,2.81,5.03,1442,975042.80,2.71,3.64
235,"Super Offers 2025 - Instagram - 235",Instagram,"Product Launch",Completed,2025-09-16,2025-11-24,1806095.00,1376393.96,429701.04,76.21,10532197,287302,2.73,4.79,9783,6138717.06,3.41,4.46
260,"Grocery Sale 2025 - Instagram - 260",Instagram,"Flash Sale",Completed,2025-07-13,2025-08-28,588631.00,507672.79,80958.21,86.25,2165197,85029,3.93,5.97,1741,1695627.12,2.05,3.34
264,"Republic Day Carnival 2025 - Instagram - 264",Instagram,"Customer Acquisition",Completed,2025-04-08,2025-05-27,1735646.00,1615962.77,119683.23,93.10,11574411,216418,1.87,7.47,9193,5219559.75,4.25,3.23
284,"Back to School Week 2024 - Instagram - 284",Instagram,"Brand Awareness",Completed,2024-12-25,2025-03-19,1465182.00,1358916.84,106265.16,92.75,8461241,260564,3.08,5.22,15623,2282980.29,6.00,1.68
295,"Grocery Festival 2025 - Instagram - 295",Instagram,"Customer Acquisition",Completed,2025-09-30,2025-12-29,969148.00,721911.27,247236.73,74.49,3252044,115101,3.54,6.27,7854,1479918.10,6.82,2.05
302,"Diwali Campaign 2025 - Instagram - 302",Instagram,Retargeting,Completed,2025-10-12,2025-11-11,1125060.00,988042.41,137017.59,87.82,6501773,295614,4.55,3.34,14586,3379105.04,4.93,3.42
303,"Home Sale 2024 - Instagram - 303",Instagram,"Seasonal Sale",Completed,2024-09-21,2024-10-17,441641.00,422273.45,19367.55,95.61,1621824,36492,2.25,11.57,1133,1157029.25,3.10,2.74
306,"Electronics Promotion 2024 - Instagram - 306",Instagram,"Festival Sale",Completed,2024-01-08,2024-03-28,1457574.00,1279942.03,177631.97,87.81,7490216,291777,3.90,4.39,12863,4287805.80,4.41,3.35
315,"Grocery Launch 2025 - Instagram - 315",Instagram,"Brand Awareness",Completed,2025-05-16,2025-06-11,945977.00,783938.36,162038.64,82.87,3806781,57723,1.52,13.58,2695,4327339.75,4.67,5.52
318,"Home Sale 2025 - Instagram - 318",Instagram,"Customer Acquisition",Completed,2025-01-02,2025-02-10,579027.00,444285.34,134741.66,76.73,1494509,33464,2.24,13.28,705,1901541.26,2.11,4.28
332,"Kids Campaign 2025 - Instagram - 332",Instagram,"App Install",Completed,2025-04-03,2025-04-29,348946.00,346922.54,2023.46,99.42,1365068,21324,1.56,16.27,856,589768.32,4.01,1.70
352,"Summer Promotion 2024 - Instagram - 352",Instagram,"Seasonal Sale",Completed,2024-09-19,2024-12-12,1824087.00,1698495.50,125591.50,93.11,7990076,262120,3.28,6.48,11622,5316290.92,4.43,3.13
358,"Electronics Sale 2024 - Instagram - 358",Instagram,"App Install",Completed,2024-10-29,2024-12-01,1260824.00,1213454.94,47369.06,96.24,8342918,137341,1.65,8.84,6679,4453379.63,4.86,3.67
363,"Grocery Bonanza 2024 - Instagram - 363",Instagram,"Festival Sale",Completed,2024-11-16,2025-01-01,1861838.00,1504078.01,357759.99,80.78,6206877,165132,2.66,9.11,7265,5941108.14,4.40,3.95
387,"End of Season Promotion 2024 - Instagram - 387",Instagram,Retargeting,Paused,2024-10-19,2024-11-27,1181739.00,1074832.89,106906.11,90.95,4658316,179768,3.86,5.98,6828,5481647.74,3.80,5.10
391,"Diwali Campaign 2025 - Instagram - 391",Instagram,"Customer Acquisition",Completed,2025-01-21,2025-04-18,1726548.00,1446250.75,280297.25,83.77,7126856,253280,3.55,5.71,5411,3094976.60,2.14,2.14
403,"End of Season Offers 2025 - Instagram - 403",Instagram,"App Install",Completed,2025-02-25,2025-03-27,1309750.00,1143108.33,166641.67,87.28,4826427,101880,2.11,11.22,6012,3943723.74,5.90,3.45
428,"Big Savings Week 2025 - Instagram - 428",Instagram,"Seasonal Sale",Completed,2025-08-07,2025-10-10,1570762.00,1377700.07,193061.93,87.71,10693488,243012,2.27,5.67,13582,2162989.11,5.59,1.57
439,"Home Sale 2024 - Instagram - 439",Instagram,Retargeting,Completed,2024-08-20,2024-09-05,739177.00,633707.53,105469.47,85.73,3570646,124158,3.48,5.10,4512,3383998.21,3.63,5.34
441,"Christmas Festival 2025 - Instagram - 441",Instagram,"Email Promotion",Completed,2025-08-08,2025-08-29,935771.00,795917.16,139853.84,85.05,3069619,60051,1.96,13.25,1605,3645300.59,2.67,4.58
442,"End of Season Promotion 2025 - Instagram - 442",Instagram,"Customer Acquisition",Completed,2025-02-08,2025-05-07,616414.00,476299.72,140114.28,77.27,2836362,85239,3.01,5.59,4623,2224319.69,5.42,4.67
463,"Republic Day Drive 2024 - Instagram - 463",Instagram,"Customer Acquisition",Completed,2024-01-26,2024-03-03,289120.00,224075.14,65044.86,77.50,916428,42843,4.67,5.23,2563,1221209.51,5.98,5.45
473,"End of Season Campaign 2024 - Instagram - 473",Instagram,"Loyalty Campaign",Completed,2024-09-22,2024-12-13,372028.00,328979.52,43048.48,88.43,1571422,63676,4.05,5.17,2858,1954138.35,4.49,5.94
479,"Fashion Launch 2024 - Instagram - 479",Instagram,"Festival Sale",Completed,2024-06-01,2024-07-21,1413888.00,1216342.33,197545.67,86.03,8115738,293782,3.62,4.14,8628,2602972.59,2.94,2.14
483,"End of Season Festival 2024 - Instagram - 483",Instagram,"Loyalty Campaign",Completed,2024-01-05,2024-02-28,798959.00,671175.71,127783.29,84.01,5231089,173777,3.32,3.86,9201,2161185.79,5.29,3.22
16,"Monsoon Sale 2024 - LinkedIn - 016",LinkedIn,"Email Promotion",Completed,2024-08-23,2024-11-21,580125.00,417817.68,162307.32,72.02,3325135,88332,2.66,4.73,4037,1265987.57,4.57,3.03
17,"Smart Shopping Week 2024 - LinkedIn - 017",LinkedIn,"Product Launch",Completed,2024-08-07,2024-10-30,1091262.00,843435.50,247826.50,77.29,4111609,120252,2.92,7.01,2972,4318389.76,2.47,5.12
29,"Super Promotion 2025 - LinkedIn - 029",LinkedIn,"Brand Awareness",Completed,2025-07-28,2025-08-13,175556.00,166844.65,8711.35,95.04,742020,14976,2.02,11.14,394,533902.88,2.63,3.20
33,"Home Campaign 2024 - LinkedIn - 033",LinkedIn,"App Install",Completed,2024-08-16,2024-09-03,684272.00,656426.15,27845.85,95.93,2232437,55296,2.48,11.87,2879,2428776.76,5.21,3.70
85,"Republic Day Launch 2024 - LinkedIn - 085",LinkedIn,"Festival Sale",Completed,2024-09-13,2024-11-25,1889574.00,1596619.02,292954.98,84.50,9813449,343640,3.50,4.65,16749,11112468.38,4.87,6.96
90,"Home Sale 2025 - LinkedIn - 090",LinkedIn,"Product Launch",Completed,2025-07-24,2025-09-23,654609.00,563599.82,91009.18,86.10,2792012,107629,3.85,5.24,5770,2660191.15,5.36,4.72
91,"End of Season Promotion 2024 - LinkedIn - 091",LinkedIn,"Festival Sale",Completed,2024-04-20,2024-06-03,787879.00,767848.57,20030.43,97.46,4803674,82683,1.72,9.29,5059,4991015.71,6.12,6.50
112,"Electronics Festival 2025 - LinkedIn - 112",LinkedIn,"Loyalty Campaign",Completed,2025-05-27,2025-08-21,932718.00,894037.54,38680.46,95.85,7005772,109682,1.57,8.15,7245,5578794.25,6.61,6.24
119,"Smart Shopping Promotion 2025 - LinkedIn - 119",LinkedIn,"Loyalty Campaign",Completed,2025-09-21,2025-12-09,1760562.00,1622668.29,137893.71,92.17,12738390,596370,4.68,2.72,28973,4121577.46,4.86,2.54
120,"Winter Drive 2025 - LinkedIn - 120",LinkedIn,"Brand Awareness",Completed,2025-05-02,2025-07-20,317059.00,299078.60,17980.40,94.33,1104720,54554,4.94,5.48,1321,1510346.93,2.42,5.05
121,"Big Savings Promotion 2024 - LinkedIn - 121",LinkedIn,"Loyalty Campaign",Completed,2024-09-10,2024-11-20,1378854.00,1030864.15,347989.85,74.76,5509302,137188,2.49,7.51,5547,3463703.54,4.04,3.36
124,"Fashion Carnival 2025 - LinkedIn - 124",LinkedIn,"Flash Sale",Completed,2025-07-26,2025-09-27,1505335.00,1371133.27,134201.73,91.08,4720240,235543,4.99,5.82,15456,2755977.87,6.56,2.01
128,"Smart Shopping Drive 2024 - LinkedIn - 128",LinkedIn,"Seasonal Sale",Completed,2024-07-17,2024-09-17,1068213.00,994326.38,73886.62,93.08,3823415,124649,3.26,7.98,5102,2376440.05,4.09,2.39
129,"Winter Drive 2025 - LinkedIn - 129",LinkedIn,"Customer Acquisition",Completed,2025-09-11,2025-10-13,1933156.00,1568492.47,364663.53,81.14,5442887,217165,3.99,7.22,9945,3434998.51,4.58,2.19
139,"Winter Campaign 2024 - LinkedIn - 139",LinkedIn,"Flash Sale",Completed,2024-02-07,2024-03-17,672976.00,496213.81,176762.19,73.73,2664328,122910,4.61,4.04,7026,3185692.66,5.72,6.42
184,"Winter Launch 2024 - LinkedIn - 184",LinkedIn,"Email Promotion",Completed,2024-01-04,2024-02-15,822529.00,748596.36,73932.64,91.01,3443256,58910,1.71,12.71,3812,5180286.81,6.47,6.92
188,"Summer Offers 2025 - LinkedIn - 188",LinkedIn,"Seasonal Sale",Completed,2025-11-07,2026-01-14,532184.00,383272.14,148911.86,72.02,1689093,51729,3.06,7.41,2772,2414614.48,5.36,6.30
194,"Republic Day Sale 2024 - LinkedIn - 194",LinkedIn,"Loyalty Campaign",Completed,2024-04-04,2024-06-26,663004.00,539121.96,123882.04,81.32,2355329,38590,1.64,13.97,912,3196993.22,2.36,5.93
206,"Weekend Campaign 2025 - LinkedIn - 206",LinkedIn,"Customer Acquisition",Completed,2025-07-10,2025-10-05,132837.00,131301.50,1535.50,98.84,581838,24046,4.13,5.46,1337,484502.53,5.56,3.69
209,"Kids Drive 2024 - LinkedIn - 209",LinkedIn,"Customer Acquisition",Completed,2024-01-31,2024-03-20,578440.00,466652.63,111787.37,80.67,1612451,48558,3.01,9.61,2621,2393927.99,5.40,5.13
254,"Christmas Festival 2024 - LinkedIn - 254",LinkedIn,"Loyalty Campaign",Completed,2024-06-19,2024-08-20,1717806.00,1666218.96,51587.04,97.00,9241267,277481,3.00,6.00,12817,4915345.93,4.62,2.95
272,"Home Campaign 2025 - LinkedIn - 272",LinkedIn,Retargeting,Completed,2025-10-07,2025-12-30,1105971.00,954845.97,151125.03,86.34,4607389,216287,4.69,4.41,9758,3475639.33,4.51,3.64
275,"Smart Shopping Campaign 2024 - LinkedIn - 275",LinkedIn,"Loyalty Campaign",Completed,2024-12-29,2025-02-04,1790745.00,1650048.91,140696.09,92.14,8939431,319179,3.57,5.17,17609,5659667.76,5.52,3.43
277,"End of Season Offers 2025 - LinkedIn - 277",LinkedIn,"Brand Awareness",Completed,2025-05-04,2025-05-19,1791238.00,1323987.95,467250.05,73.91,5316179,250696,4.72,5.28,15596,4342680.48,6.22,3.28
281,"End of Season Campaign 2025 - LinkedIn - 281",LinkedIn,"Customer Acquisition",Paused,2025-02-04,2025-05-02,1796191.00,1778695.21,17495.79,99.03,11133465,387380,3.48,4.59,25890,4037638.13,6.68,2.27
292,"Winter Promotion 2024 - LinkedIn - 292",LinkedIn,"Email Promotion",Completed,2024-03-21,2024-05-25,1297935.00,1259174.14,38760.86,97.01,4768134,184592,3.87,6.82,9416,2719816.14,5.10,2.16
305,"Home Campaign 2025 - LinkedIn - 305",LinkedIn,"Customer Acquisition",Completed,2025-10-20,2025-12-09,1062588.00,824142.84,238445.16,77.56,4039804,156347,3.87,5.27,9570,3032845.65,6.12,3.68
317,"New Year Drive 2024 - LinkedIn - 317",LinkedIn,"Email Promotion",Completed,2024-03-07,2024-03-27,1626374.00,1392316.86,234057.14,85.61,6495797,196032,3.02,7.10,10652,3118789.77,5.43,2.24
322,"Christmas Promotion 2025 - LinkedIn - 322",LinkedIn,"Email Promotion",Completed,2025-05-24,2025-07-03,522939.00,422208.69,100730.31,80.74,2179072,44917,2.06,9.40,2129,2748578.57,4.74,6.51
326,"Weekend Festival 2024 - LinkedIn - 326",LinkedIn,"Flash Sale",Completed,2024-04-05,2024-06-06,940491.00,771273.22,169217.78,82.01,3814842,168805,4.42,4.57,9199,3185358.40,5.45,4.13
345,"Fashion Promotion 2025 - LinkedIn - 345",LinkedIn,"Seasonal Sale",Completed,2025-01-25,2025-03-30,212831.00,149809.52,63021.48,70.39,906610,33290,3.67,4.50,1965,942301.88,5.90,6.29
367,"End of Season Carnival 2025 - LinkedIn - 367",LinkedIn,Retargeting,Completed,2025-11-09,2025-12-24,1687976.00,1441938.31,246037.69,85.42,7198185,153105,2.13,9.42,10324,7397143.53,6.74,5.13
376,"Fashion Drive 2025 - LinkedIn - 376",LinkedIn,"App Install",Completed,2025-11-06,2026-01-25,1351021.00,1185086.98,165934.02,87.72,7344071,209241,2.85,5.66,5320,3093077.02,2.54,2.61
388,"Electronics Launch 2024 - LinkedIn - 388",LinkedIn,"Festival Sale",Completed,2024-03-29,2024-05-18,950292.00,832288.59,118003.41,87.58,3903908,159249,4.08,5.23,3731,1664577.18,2.34,2.00
398,"Christmas Carnival 2024 - LinkedIn - 398",LinkedIn,"Flash Sale",Completed,2024-04-13,2024-06-08,1250420.00,973895.51,276524.49,77.89,5780018,280610,4.85,3.47,10426,2444477.73,3.72,2.51
400,"Home Offers 2024 - LinkedIn - 400",LinkedIn,Retargeting,Completed,2024-10-03,2024-11-17,405856.00,381509.20,24346.80,94.00,1508313,47594,3.16,8.02,975,1457365.14,2.05,3.82
427,"Monsoon Sale 2024 - LinkedIn - 427",LinkedIn,"Brand Awareness",Completed,2024-04-23,2024-05-20,1851527.00,1816977.25,34549.75,98.13,11941621,192195,1.61,9.45,4872,4633291.99,2.53,2.55
430,"Monsoon Bonanza 2025 - LinkedIn - 430",LinkedIn,"Seasonal Sale",Completed,2025-09-23,2025-11-11,263442.00,259063.87,4378.13,98.34,884461,16273,1.84,15.92,915,1145062.31,5.62,4.42
452,"New Year Week 2024 - LinkedIn - 452",LinkedIn,"Seasonal Sale",Completed,2024-09-03,2024-11-30,790560.00,659920.56,130639.44,83.48,4591742,173735,3.78,3.80,8521,3471182.15,4.90,5.26
466,"Kids Bonanza 2024 - LinkedIn - 466",LinkedIn,"Brand Awareness",Completed,2024-11-11,2025-01-04,1413766.00,1066274.77,347491.23,75.42,3784638,183990,4.86,5.80,3712,6088428.94,2.02,5.71
470,"Weekend Drive 2025 - LinkedIn - 470",LinkedIn,"Flash Sale",Completed,2025-09-17,2025-12-14,1671468.00,1460344.69,211123.31,87.37,5076522,92694,1.83,15.75,3241,5155016.76,3.50,3.53
474,"Summer Festival 2024 - LinkedIn - 474",LinkedIn,"Flash Sale",Completed,2024-08-26,2024-10-17,150303.00,126174.21,24128.79,83.95,478999,19548,4.08,6.45,593,615730.14,3.03,4.88
481,"Monsoon Drive 2025 - LinkedIn - 481",LinkedIn,"App Install",Completed,2025-01-18,2025-02-06,1161147.00,821488.78,339658.22,70.75,3970858,129060,3.25,6.37,3808,5405396.17,2.95,6.58
496,"Smart Shopping Sale 2025 - LinkedIn - 496",LinkedIn,"App Install",Completed,2025-03-21,2025-05-19,1382389.00,1376757.83,5631.17,99.59,7142507,139024,1.95,9.90,4825,4859955.14,3.47,3.53
7,"Winter Offers 2024 - Organic Search - 007","Organic Search","Product Launch",Completed,2024-08-12,2024-10-07,1823444.00,1293970.70,529473.30,70.96,7319602,178385,2.44,7.25,5449,8656663.98,3.05,6.69
19,"Kids Offers 2024 - Organic Search - 019","Organic Search","App Install",Completed,2024-05-23,2024-07-31,1933929.00,1889409.34,44519.66,97.70,9458229,427012,4.51,4.42,20290,3363148.63,4.75,1.78
21,"Premium Drive 2024 - Organic Search - 021","Organic Search","Product Launch",Completed,2024-09-28,2024-12-10,424632.00,321433.41,103198.59,75.70,2019229,34421,1.70,9.34,1954,591437.47,5.68,1.84
24,"Home Carnival 2024 - Organic Search - 024","Organic Search","Loyalty Campaign",Completed,2024-07-28,2024-09-21,1508636.00,1348192.92,160443.08,89.37,6664310,316658,4.75,4.26,21148,2089699.03,6.68,1.55
25,"Republic Day Promotion 2025 - Organic Search - 025","Organic Search","Email Promotion",Completed,2025-07-30,2025-08-26,656165.00,485389.51,170775.49,73.97,2654990,46217,1.74,10.50,1488,1490145.80,3.22,3.07
37,"Republic Day Launch 2025 - Organic Search - 037","Organic Search","App Install",Completed,2025-02-16,2025-04-09,1494458.00,1467720.80,26737.20,98.21,6067037,282712,4.66,5.19,14354,4637997.73,5.08,3.16
42,"Big Savings Promotion 2025 - Organic Search - 042","Organic Search","Flash Sale",Completed,2025-04-12,2025-05-14,1348754.00,1072514.87,276239.13,79.52,4190411,127765,3.05,8.39,7761,6874820.32,6.07,6.41
53,"End of Season Festival 2024 - Organic Search - 053","Organic Search","App Install",Completed,2024-04-14,2024-06-06,1769809.00,1761231.28,8577.72,99.52,6751262,183311,2.72,9.61,7592,6234758.73,4.14,3.54
59,"Premium Campaign 2024 - Organic Search - 059","Organic Search","Customer Acquisition",Completed,2024-12-18,2025-02-25,837800.00,763115.56,74684.44,91.09,4521765,107614,2.38,7.09,2801,1953575.83,2.60,2.56
64,"Home Drive 2025 - Organic Search - 064","Organic Search","Customer Acquisition",Completed,2025-09-12,2025-10-25,1028453.00,811661.22,216791.78,78.92,3592462,107806,3.00,7.53,5221,1485340.03,4.84,1.83
65,"Monsoon Carnival 2024 - Organic Search - 065","Organic Search","Festival Sale",Completed,2024-07-31,2024-09-11,603033.00,453567.69,149465.31,75.21,3397213,51276,1.51,8.85,2180,2163517.88,4.25,4.77
69,"Diwali Week 2025 - Organic Search - 069","Organic Search",Retargeting,Paused,2025-09-10,2025-10-27,1331286.00,1311630.74,19655.26,98.52,4373224,168499,3.85,7.78,5640,2256004.87,3.35,1.72
72,"Home Promotion 2024 - Organic Search - 072","Organic Search","Product Launch",Completed,2024-11-18,2025-01-04,1829997.00,1823474.46,6522.54,99.64,7649480,260011,3.40,7.01,10572,4613390.38,4.07,2.53
107,"New Year Campaign 2024 - Organic Search - 107","Organic Search","Brand Awareness",Completed,2024-01-30,2024-03-08,836149.00,586835.90,249313.10,70.18,2121794,73883,3.48,7.94,2958,1337985.85,4.00,2.28
152,"Premium Bonanza 2024 - Organic Search - 152","Organic Search","Loyalty Campaign",Completed,2024-09-13,2024-10-23,362501.00,321722.07,40778.93,88.75,1395169,25489,1.83,12.62,1326,1528179.83,5.20,4.75
172,"Grocery Campaign 2024 - Organic Search - 172","Organic Search",Retargeting,Completed,2024-08-19,2024-10-02,1604408.00,1350464.18,253943.82,84.17,5566294,110275,1.98,12.25,7523,9291193.56,6.82,6.88
175,"Mega Campaign 2024 - Organic Search - 175","Organic Search","App Install",Completed,2024-01-10,2024-03-03,696769.00,582711.21,114057.79,83.63,2475027,82544,3.34,7.06,5321,1305273.11,6.45,2.24
178,"Kids Bonanza 2024 - Organic Search - 178","Organic Search","Brand Awareness",Completed,2024-01-07,2024-02-24,791274.00,625568.37,165705.63,79.06,2501084,38517,1.54,16.24,2029,3321768.04,5.27,5.31
189,"Premium Offers 2024 - Organic Search - 189","Organic Search","Loyalty Campaign",Completed,2024-02-15,2024-04-21,1682061.00,1613296.79,68764.21,95.91,12394727,404518,3.26,3.99,13940,9663647.77,3.45,5.99
200,"Monsoon Sale 2025 - Organic Search - 200","Organic Search","Seasonal Sale",Completed,2025-10-19,2025-11-10,1702934.00,1195315.17,507618.83,70.19,8257877,306157,3.71,3.90,7163,2785084.35,2.34,2.33
212,"Premium Festival 2024 - Organic Search - 212","Organic Search","Customer Acquisition",Completed,2024-04-15,2024-05-03,1351841.00,1188826.74,163014.26,87.94,6663921,189810,2.85,6.26,6565,4315441.07,3.46,3.63
226,"Monsoon Week 2024 - Organic Search - 226","Organic Search","Email Promotion",Completed,2024-07-29,2024-09-17,313389.00,294538.87,18850.13,93.99,1359577,37799,2.78,7.79,1128,627367.79,2.98,2.13
236,"Big Savings Festival 2024 - Organic Search - 236","Organic Search",Retargeting,Completed,2024-10-26,2024-12-17,384350.00,380057.42,4292.58,98.88,1453794,68556,4.72,5.54,4773,2382960.02,6.96,6.27
239,"Kids Campaign 2024 - Organic Search - 239","Organic Search","Festival Sale",Completed,2024-01-03,2024-01-29,1882802.00,1353733.14,529068.86,71.90,6261589,141662,2.26,9.56,5876,3614467.48,4.15,2.67
243,"Summer Offers 2025 - Organic Search - 243","Organic Search","Product Launch",Completed,2025-03-15,2025-04-10,1099936.00,795673.48,304262.52,72.34,3507296,116374,3.32,6.84,4917,1225337.16,4.23,1.54
248,"Republic Day Launch 2024 - Organic Search - 248","Organic Search","Seasonal Sale",Completed,2024-07-29,2024-10-18,719796.00,643390.33,76405.67,89.39,2464301,105428,4.28,6.10,3370,2329072.99,3.20,3.62
257,"Grocery Offers 2024 - Organic Search - 257","Organic Search","Customer Acquisition",Completed,2024-02-06,2024-05-01,774867.00,600118.18,174748.82,77.45,2106758,55192,2.62,10.87,3383,2784548.36,6.13,4.64
262,"Electronics Drive 2025 - Organic Search - 262","Organic Search","Loyalty Campaign",Completed,2025-06-16,2025-08-22,1668458.00,1210417.44,458040.56,72.55,8822036,173555,1.97,6.97,10586,2311897.31,6.10,1.91
271,"Premium Drive 2024 - Organic Search - 271","Organic Search","Seasonal Sale",Completed,2024-09-08,2024-10-30,227882.00,165514.45,62367.55,72.63,876003,25993,2.97,6.37,1355,973224.97,5.21,5.88
290,"Christmas Week 2025 - Organic Search - 290","Organic Search","Flash Sale",Completed,2025-03-26,2025-06-08,229267.00,170881.68,58385.32,74.53,696439,12803,1.84,13.35,683,1015037.18,5.33,5.94
301,"Diwali Sale 2024 - Organic Search - 301","Organic Search","Flash Sale",Completed,2024-07-16,2024-08-25,1057242.00,756105.42,301136.58,71.52,4089985,89852,2.20,8.42,3451,3062226.95,3.84,4.05
311,"New Year Launch 2024 - Organic Search - 311","Organic Search","Brand Awareness",Completed,2024-08-15,2024-10-14,1752745.00,1693244.68,59500.32,96.61,9059491,321566,3.55,5.27,13887,3640476.06,4.32,2.15
337,"Kids Drive 2024 - Organic Search - 337","Organic Search","App Install",Completed,2024-02-17,2024-05-17,1480883.00,1298430.59,182452.41,87.68,6160836,300247,4.87,4.32,6070,7206289.77,2.02,5.55
341,"Weekend Promotion 2025 - Organic Search - 341","Organic Search","Loyalty Campaign",Completed,2025-11-19,2025-12-20,1237687.00,1124183.17,113503.83,90.83,6314619,120225,1.90,9.35,4521,4654118.32,3.76,4.14
349,"Weekend Promotion 2024 - Organic Search - 349","Organic Search","Seasonal Sale",Completed,2024-03-15,2024-05-09,242976.00,227395.76,15580.24,93.59,1529361,52010,3.40,4.37,2089,777693.50,4.02,3.42
364,"End of Season Festival 2025 - Organic Search - 364","Organic Search","Customer Acquisition",Completed,2025-05-13,2025-08-06,1865367.00,1462792.41,402574.59,78.42,5442748,251429,4.62,5.82,7498,8089242.03,2.98,5.53
377,"End of Season Festival 2025 - Organic Search - 377","Organic Search","Customer Acquisition",Completed,2025-12-01,2026-02-07,472081.00,397851.34,74229.66,84.28,1724878,28229,1.64,14.09,1670,1698825.22,5.92,4.27
383,"New Year Week 2025 - Organic Search - 383","Organic Search","Seasonal Sale",Completed,2025-07-22,2025-10-06,822167.00,766472.05,55694.95,93.23,3999053,79310,1.98,9.66,5011,1647914.91,6.32,2.15
386,"End of Season Sale 2025 - Organic Search - 386","Organic Search","App Install",Completed,2025-09-20,2025-12-10,1722374.00,1629483.99,92890.01,94.61,6926533,210317,3.04,7.75,6327,8326663.19,3.01,5.11
410,"Smart Shopping Launch 2024 - Organic Search - 410","Organic Search","Customer Acquisition",Completed,2024-06-30,2024-09-28,1197774.00,1068337.69,129436.31,89.19,4944150,231447,4.68,4.62,10202,2937928.65,4.41,2.75
423,"Electronics Carnival 2024 - Organic Search - 423","Organic Search","Seasonal Sale",Completed,2024-07-16,2024-08-02,625748.00,606724.58,19023.42,96.96,2926027,88695,3.03,6.84,3080,3233842.01,3.47,5.33
431,"Smart Shopping Carnival 2024 - Organic Search - 431","Organic Search","Email Promotion",Completed,2024-07-16,2024-10-06,1271098.00,1175458.44,95639.56,92.48,6036249,112835,1.87,10.42,5859,4078840.79,5.19,3.47
432,"Weekend Carnival 2025 - Organic Search - 432","Organic Search","Product Launch",Completed,2025-11-12,2026-01-20,1253361.00,1028341.53,225019.47,82.05,5689230,116835,2.05,8.80,8169,4051665.63,6.99,3.94
451,"Home Carnival 2024 - Organic Search - 451","Organic Search","Flash Sale",Completed,2024-10-13,2024-11-25,284119.00,261095.96,23023.04,91.90,1221620,47313,3.87,5.52,3010,1378586.67,6.36,5.28
461,"New Year Bonanza 2024 - Organic Search - 461","Organic Search","Email Promotion",Completed,2024-07-13,2024-09-03,1067515.00,800578.58,266936.42,74.99,4627740,218272,4.72,3.67,11895,5179743.41,5.45,6.47
476,"Fashion Campaign 2024 - Organic Search - 476","Organic Search","Product Launch",Completed,2024-11-27,2024-12-12,930575.00,853634.12,76940.88,91.73,3697325,59227,1.60,14.41,1704,2834065.28,2.88,3.32
488,"Monsoon Drive 2024 - Organic Search - 488","Organic Search","Seasonal Sale",Completed,2024-03-21,2024-06-03,303975.00,254328.36,49646.64,83.67,1045732,41680,3.99,6.10,1803,704489.56,4.33,2.77
499,"Monsoon Sale 2025 - Organic Search - 499","Organic Search","Flash Sale",Completed,2025-11-17,2025-12-18,401981.00,368376.10,33604.90,91.64,1774398,53738,3.03,6.86,3735,725700.92,6.95,1.97
500,"Kids Promotion 2025 - Organic Search - 500","Organic Search","Loyalty Campaign",Completed,2025-04-11,2025-06-19,989453.00,856485.37,132967.63,86.56,4260946,116902,2.74,7.33,3424,4136824.34,2.93,4.83
5,"Winter Offers 2025 - Referral - 005",Referral,"Product Launch",Completed,2025-08-14,2025-09-22,1721241.00,1354300.63,366940.37,78.68,10079449,233315,2.31,5.80,5844,4103530.91,2.50,3.03
13,"Mega Campaign 2025 - Referral - 013",Referral,"Customer Acquisition",Completed,2025-09-05,2025-10-31,1942813.00,1934257.66,8555.34,99.56,7293045,170517,2.34,11.34,5463,8936270.39,3.20,4.62
18,"Winter Festival 2025 - Referral - 018",Referral,"Email Promotion",Completed,2025-03-09,2025-05-15,227113.00,186411.26,40701.74,82.08,1029472,46489,4.52,4.01,1507,475348.71,3.24,2.55
26,"Big Savings Sale 2025 - Referral - 026",Referral,"Customer Acquisition",Completed,2025-07-10,2025-09-01,1500610.00,1418273.39,82336.61,94.51,8156238,311720,3.82,4.55,20868,3176932.39,6.69,2.24
41,"Mega Launch 2024 - Referral - 041",Referral,"Customer Acquisition",Completed,2024-05-31,2024-06-15,558943.00,420753.29,138189.71,75.28,1438797,47665,3.31,8.83,1072,1207561.94,2.25,2.87
51,"Back to School Festival 2025 - Referral - 051",Referral,"Customer Acquisition",Completed,2025-09-28,2025-11-01,1282729.00,1262624.93,20104.07,98.43,6198267,148563,2.40,8.50,5711,6098478.41,3.84,4.83
58,"Summer Festival 2025 - Referral - 058",Referral,"App Install",Completed,2025-05-02,2025-07-18,717056.00,549608.31,167447.69,76.65,2247687,57804,2.57,9.51,2836,2253394.07,4.91,4.10
67,"Super Bonanza 2025 - Referral - 067",Referral,"Festival Sale",Completed,2025-03-11,2025-04-09,1833571.00,1361739.80,471831.20,74.27,10416043,445202,4.27,3.06,22149,8211290.99,4.98,6.03
73,"Winter Offers 2025 - Referral - 073",Referral,"Loyalty Campaign",Completed,2025-09-29,2025-12-16,660057.00,570794.78,89262.22,86.48,1988962,60333,3.03,9.46,3313,1238624.67,5.49,2.17
79,"Smart Shopping Campaign 2025 - Referral - 079",Referral,Retargeting,Completed,2025-05-22,2025-06-10,1923893.00,1404652.33,519240.67,73.01,5162130,95447,1.85,14.72,6253,2219350.68,6.55,1.58
81,"Winter Week 2024 - Referral - 081",Referral,"Customer Acquisition",Completed,2024-11-20,2025-02-05,243488.00,187590.72,55897.28,77.04,771369,19329,2.51,9.71,606,375181.44,3.14,2.00
88,"Grocery Carnival 2024 - Referral - 088",Referral,Retargeting,Completed,2024-04-02,2024-05-24,521097.00,385428.32,135668.68,73.96,1775403,86998,4.90,4.43,4049,2512992.65,4.65,6.52
92,"Winter Sale 2025 - Referral - 092",Referral,"Product Launch",Completed,2025-10-26,2026-01-01,738298.00,737395.96,902.04,99.88,5233407,121509,2.32,6.07,5696,2684121.29,4.69,3.64
96,"Premium Offers 2025 - Referral - 096",Referral,"Brand Awareness",Completed,2025-08-01,2025-09-11,1329734.00,1016961.16,312772.84,76.48,3677378,97448,2.65,10.44,2667,6559399.48,2.74,6.45
101,"Fashion Launch 2024 - Referral - 101",Referral,"App Install",Completed,2024-10-08,2025-01-05,1352821.00,1162299.23,190521.77,85.92,5763406,208577,3.62,5.57,5205,6229923.87,2.50,5.36
102,"Diwali Launch 2024 - Referral - 102",Referral,"Festival Sale",Completed,2024-08-08,2024-10-17,810791.00,768812.92,41978.08,94.82,4009006,162510,4.05,4.73,5789,2475577.60,3.56,3.22
103,"Back to School Festival 2025 - Referral - 103",Referral,"App Install",Completed,2025-01-18,2025-02-21,291312.00,276609.94,14702.06,94.95,2022277,37168,1.84,7.44,2116,1648595.24,5.69,5.96
116,"Weekend Week 2024 - Referral - 116",Referral,"Loyalty Campaign",Completed,2024-04-15,2024-05-18,420591.00,390335.61,30255.39,92.81,1640123,34770,2.12,11.23,2038,1647216.27,5.86,4.22
117,"Smart Shopping Week 2025 - Referral - 117",Referral,"Festival Sale",Completed,2025-08-16,2025-10-27,777816.00,746138.71,31677.29,95.93,3203698,64982,2.03,11.48,1521,2932325.13,2.34,3.93
145,"Home Promotion 2024 - Referral - 145",Referral,"Email Promotion",Completed,2024-01-27,2024-03-05,346962.00,270121.37,76840.63,77.85,1618926,49570,3.06,5.45,3460,829272.61,6.98,3.07
151,"New Year Carnival 2024 - Referral - 151",Referral,"Customer Acquisition",Completed,2024-02-26,2024-03-27,439669.00,350327.48,89341.52,79.68,1414437,38346,2.71,9.14,2570,2249102.42,6.70,6.42
164,"Grocery Week 2025 - Referral - 164",Referral,"Loyalty Campaign",Completed,2025-01-12,2025-03-10,745247.00,699806.64,45440.36,93.90,2792988,109154,3.91,6.41,2328,2876205.29,2.13,4.11
191,"Grocery Promotion 2025 - Referral - 191",Referral,"Flash Sale",Completed,2025-08-28,2025-10-04,1139392.00,813600.21,325791.79,71.41,4470461,167714,3.75,4.85,6550,3563568.92,3.91,4.38
199,"Back to School Drive 2024 - Referral - 199",Referral,"App Install",Completed,2024-09-20,2024-12-06,452811.00,416509.90,36301.10,91.98,2271149,45192,1.99,9.22,2138,1045439.85,4.73,2.51
203,"Home Drive 2024 - Referral - 203",Referral,"Brand Awareness",Completed,2024-09-30,2024-12-04,1284895.00,993175.48,291719.52,77.30,4045479,103156,2.55,9.63,6334,1926760.43,6.14,1.94
208,"Grocery Offers 2025 - Referral - 208",Referral,"Product Launch",Completed,2025-05-27,2025-07-25,1858828.00,1343571.05,515256.95,72.28,5868906,214128,3.65,6.27,10659,9176590.27,4.98,6.83
219,"Back to School Week 2024 - Referral - 219",Referral,"Product Launch",Completed,2024-03-16,2024-05-27,940549.00,809163.92,131385.08,86.03,2826978,128449,4.54,6.30,5255,1375578.66,4.09,1.70
227,"End of Season Launch 2025 - Referral - 227",Referral,"Festival Sale",Completed,2025-06-24,2025-08-18,1331038.00,977340.77,353697.23,73.43,5330253,165371,3.10,5.91,4733,5082172.00,2.86,5.20
233,"Electronics Promotion 2024 - Referral - 233",Referral,"Seasonal Sale",Completed,2024-10-01,2024-12-24,1825140.00,1691970.25,133169.75,92.70,6588650,200610,3.04,8.43,6204,6497165.76,3.09,3.84
241,"Weekend Drive 2024 - Referral - 241",Referral,"Festival Sale",Completed,2024-01-17,2024-02-16,1057387.00,740385.32,317001.68,70.02,2531701,55902,2.21,13.24,3042,1651059.26,5.44,2.23
259,"New Year Week 2025 - Referral - 259",Referral,"Seasonal Sale",Completed,2025-04-12,2025-04-28,1745230.00,1380778.49,364451.51,79.12,5949345,185842,3.12,7.43,9214,5813077.44,4.96,4.21
268,"Electronics Festival 2024 - Referral - 268",Referral,"Email Promotion",Completed,2024-05-13,2024-06-22,1321221.00,1157172.42,164048.58,87.58,4058301,71525,1.76,16.18,4996,2997076.57,6.98,2.59
273,"Summer Bonanza 2024 - Referral - 273",Referral,Retargeting,Completed,2024-01-27,2024-03-22,222874.00,210080.18,12793.82,94.26,1025265,28205,2.75,7.45,1387,584022.90,4.92,2.78
279,"Super Carnival 2024 - Referral - 279",Referral,"App Install",Completed,2024-04-13,2024-06-10,1635853.00,1610674.05,25178.95,98.46,6135161,298310,4.86,5.40,15649,3962258.16,5.25,2.46
293,"Republic Day Carnival 2024 - Referral - 293",Referral,"Loyalty Campaign",Completed,2024-06-26,2024-08-01,189497.00,156716.38,32780.62,82.70,526087,15908,3.02,9.85,1111,775746.08,6.98,4.95
298,"New Year Bonanza 2024 - Referral - 298",Referral,"Festival Sale",Completed,2024-01-21,2024-03-19,687929.00,655495.88,32433.12,95.29,2388117,93064,3.90,7.04,6386,1802613.67,6.86,2.75
312,"End of Season Festival 2025 - Referral - 312",Referral,"Brand Awareness",Completed,2025-10-11,2026-01-08,1090316.00,1054147.84,36168.16,96.68,5017698,227614,4.54,4.63,8895,3310024.22,3.91,3.14
336,"Republic Day Festival 2024 - Referral - 336",Referral,"Flash Sale",Completed,2024-04-19,2024-06-05,1887181.00,1543466.74,343714.26,81.79,7630789,323161,4.23,4.78,18045,3225845.49,5.58,2.09
340,"Premium Campaign 2025 - Referral - 340",Referral,"Product Launch",Completed,2025-06-08,2025-07-31,1592908.00,1467140.90,125767.10,92.10,6679610,151005,2.26,9.72,4603,7966575.09,3.05,5.43
346,"Premium Week 2025 - Referral - 346",Referral,Retargeting,Completed,2025-10-10,2025-12-11,512025.00,477639.46,34385.54,93.28,1626991,41156,2.53,11.61,1188,2507607.17,2.89,5.25
361,"Smart Shopping Drive 2024 - Referral - 361",Referral,"Seasonal Sale",Completed,2024-09-13,2024-10-10,793844.00,640744.44,153099.56,80.71,2660531,61747,2.32,10.38,2115,1204599.55,3.43,1.88
365,"Summer Week 2024 - Referral - 365",Referral,"App Install",Completed,2024-03-18,2024-04-04,1314042.00,1079538.51,234503.49,82.15,4772357,222967,4.67,4.84,10608,4847127.91,4.76,4.49
368,"Back to School Offers 2025 - Referral - 368",Referral,"Flash Sale",Paused,2025-05-10,2025-07-09,231829.00,180665.99,51163.01,77.93,1114373,42792,3.84,4.22,1963,1056896.04,4.59,5.85
372,"Weekend Carnival 2025 - Referral - 372",Referral,"Customer Acquisition",Completed,2025-06-10,2025-07-30,859636.00,757000.69,102635.31,88.06,2834657,108110,3.81,7.00,4403,2513242.29,4.07,3.32
381,"Home Offers 2025 - Referral - 381",Referral,"Festival Sale",Completed,2025-06-19,2025-07-19,1542351.00,1451793.63,90557.37,94.13,7499239,140463,1.87,10.34,5801,6852465.93,4.13,4.72
399,"Electronics Campaign 2024 - Referral - 399",Referral,"Customer Acquisition",Completed,2024-08-03,2024-10-10,1891651.00,1551490.12,340160.88,82.02,7713820,269978,3.50,5.75,18618,8176352.93,6.90,5.27
402,"Mega Drive 2024 - Referral - 402",Referral,"Brand Awareness",Completed,2024-09-17,2024-12-01,1661525.00,1329879.56,331645.44,80.04,7189581,248847,3.46,5.34,16571,3883248.32,6.66,2.92
425,"Kids Sale 2024 - Referral - 425",Referral,"Loyalty Campaign",Completed,2024-10-29,2024-12-16,1727217.00,1539654.74,187562.26,89.14,8179739,175812,2.15,8.76,3680,9561255.94,2.09,6.21
433,"Fashion Campaign 2024 - Referral - 433",Referral,"Seasonal Sale",Completed,2024-11-18,2025-02-11,964746.00,896495.34,68250.66,92.93,4539082,183403,4.04,4.89,9247,4123878.56,5.04,4.60
440,"End of Season Week 2024 - Referral - 440",Referral,"Email Promotion",Completed,2024-02-21,2024-04-26,1158494.00,842253.97,316240.03,72.70,4259219,181114,4.25,4.65,4962,2821550.80,2.74,3.35
443,"Electronics Offers 2025 - Referral - 443",Referral,"Email Promotion",Completed,2025-11-18,2026-01-24,772637.00,620703.71,151933.29,80.34,2608286,109388,4.19,5.67,3113,2122806.69,2.85,3.42
448,"Home Promotion 2025 - Referral - 448",Referral,"App Install",Completed,2025-10-26,2025-12-29,1588325.00,1159288.42,429036.58,72.99,6557726,297307,4.53,3.90,13847,2932999.70,4.66,2.53
478,"Fashion Promotion 2024 - Referral - 478",Referral,"Customer Acquisition",Completed,2024-02-27,2024-05-18,1223833.00,863555.57,360277.43,70.56,3856336,102617,2.66,8.42,6753,5077706.75,6.58,5.88
484,"Republic Day Bonanza 2024 - Referral - 484",Referral,"Customer Acquisition",Completed,2024-11-15,2024-12-26,680176.00,584735.57,95440.43,85.97,2256780,86861,3.85,6.73,2921,1385823.30,3.36,2.37
486,"Fashion Promotion 2024 - Referral - 486",Referral,"Customer Acquisition",Completed,2024-03-13,2024-05-06,1030396.00,736957.62,293438.38,71.52,5885364,274347,4.66,2.69,6179,2660417.01,2.25,3.61
491,"New Year Promotion 2024 - Referral - 491",Referral,"Flash Sale",Completed,2024-11-29,2025-02-23,1066734.00,874983.17,191750.83,82.02,4500489,165305,3.67,5.29,7835,6002384.55,4.74,6.86
1,"Christmas Offers 2025 - YouTube - 001",YouTube,"Brand Awareness",Paused,2025-10-16,2025-11-14,568106.00,421455.90,146650.10,74.19,3044120,124575,4.09,3.38,5888,2001915.53,4.73,4.75
10,"End of Season Drive 2025 - YouTube - 010",YouTube,"App Install",Completed,2025-09-02,2025-09-25,1209633.00,937978.74,271654.26,77.54,4271681,204976,4.80,4.58,11071,1997894.72,5.40,2.13
12,"Big Savings Week 2024 - YouTube - 012",YouTube,"Brand Awareness",Completed,2024-04-18,2024-06-10,517146.00,385714.26,131431.74,74.59,1499363,50795,3.39,7.59,2993,1704857.03,5.89,4.42
39,"End of Season Campaign 2025 - YouTube - 039",YouTube,"Brand Awareness",Completed,2025-11-05,2025-11-30,295847.00,279731.34,16115.66,94.55,1096105,42252,3.85,6.62,1319,727301.48,3.12,2.60
56,"Kids Week 2024 - YouTube - 056",YouTube,"Product Launch",Completed,2024-10-12,2024-12-23,1379958.00,1242592.21,137365.79,90.05,6882207,222300,3.23,5.59,8058,5194035.44,3.62,4.18
68,"New Year Launch 2025 - YouTube - 068",YouTube,"Product Launch",Completed,2025-03-25,2025-04-24,670941.00,570394.89,100546.11,85.01,2730688,48648,1.78,11.72,1069,2213132.17,2.20,3.88
78,"Grocery Sale 2024 - YouTube - 078",YouTube,Retargeting,Completed,2024-09-01,2024-11-28,767264.00,708500.44,58763.56,92.34,2869107,124517,4.34,5.69,4894,3648777.27,3.93,5.15
80,"Christmas Campaign 2025 - YouTube - 080",YouTube,"Flash Sale",Completed,2025-02-23,2025-03-29,1407069.00,1277353.25,129715.75,90.78,5390344,241550,4.48,5.29,15125,7957910.75,6.26,6.23
89,"New Year Campaign 2024 - YouTube - 089",YouTube,"Flash Sale",Completed,2024-09-20,2024-12-05,1786597.00,1312346.46,474250.54,73.46,4474099,89153,1.99,14.72,6091,8175918.45,6.83,6.23
111,"Christmas Bonanza 2024 - YouTube - 111",YouTube,"Seasonal Sale",Completed,2024-11-04,2024-12-16,788122.00,580054.09,208067.91,73.60,2768366,83252,3.01,6.97,2202,2569639.62,2.64,4.43
115,"Big Savings Promotion 2024 - YouTube - 115",YouTube,"Seasonal Sale",Completed,2024-03-19,2024-06-07,506645.00,492345.87,14299.13,97.18,2692068,108916,4.05,4.52,6638,2944228.30,6.09,5.98
118,"Big Savings Festival 2024 - YouTube - 118",YouTube,"Customer Acquisition",Completed,2024-10-08,2025-01-06,750972.00,629707.10,121264.90,83.85,4967346,138617,2.79,4.54,4762,3180020.85,3.44,5.05
126,"Big Savings Sale 2024 - YouTube - 126",YouTube,"Loyalty Campaign",Completed,2024-04-13,2024-07-01,1488166.00,1192064.59,296101.41,80.10,4621563,90521,1.96,13.17,3515,2849034.37,3.88,2.39
127,"Electronics Offers 2024 - YouTube - 127",YouTube,"Email Promotion",Paused,2024-06-18,2024-08-28,1031552.00,911044.68,120507.32,88.32,3566704,151345,4.24,6.02,4797,2569146.00,3.17,2.82
154,"Grocery Week 2024 - YouTube - 154",YouTube,"Seasonal Sale",Completed,2024-09-28,2024-11-08,1440061.00,1021126.76,418934.24,70.91,3646628,124332,3.41,8.21,6477,3226760.56,5.21,3.16
157,"Grocery Offers 2024 - YouTube - 157",YouTube,Retargeting,Completed,2024-10-24,2024-12-27,1914681.00,1858567.92,56113.08,97.07,6975925,332621,4.77,5.59,18645,4720762.52,5.61,2.54
167,"Big Savings Offers 2025 - YouTube - 167",YouTube,"App Install",Completed,2025-04-27,2025-05-19,1276264.00,1017839.51,258424.49,79.75,4255167,142087,3.34,7.16,5070,2493706.80,3.57,2.45
171,"Christmas Promotion 2024 - YouTube - 171",YouTube,"App Install",Completed,2024-08-07,2024-09-16,1559977.00,1219100.87,340876.13,78.15,8729013,357288,4.09,3.41,11420,2169999.55,3.20,1.78
176,"Mega Campaign 2025 - YouTube - 176",YouTube,"Festival Sale",Completed,2025-04-24,2025-06-12,440775.00,405220.22,35554.78,91.93,1712019,68739,4.02,5.90,1423,1357487.74,2.07,3.35
182,"Super Carnival 2025 - YouTube - 182",YouTube,"App Install",Completed,2025-06-01,2025-07-11,788112.00,753707.60,34404.40,95.63,3777390,146601,3.88,5.14,8187,3158034.84,5.58,4.19
193,"Premium Promotion 2025 - YouTube - 193",YouTube,"Product Launch",Completed,2025-07-29,2025-10-04,381212.00,311269.40,69942.60,81.65,1876256,49831,2.66,6.25,1193,1235739.52,2.39,3.97
204,"Premium Drive 2024 - YouTube - 204",YouTube,"Product Launch",Completed,2024-04-05,2024-06-10,217681.00,193959.09,23721.91,89.10,786813,14079,1.79,13.78,876,979493.40,6.22,5.05
237,"Fashion Offers 2024 - YouTube - 237",YouTube,"Flash Sale",Completed,2024-05-15,2024-06-30,1696925.00,1617282.70,79642.30,95.31,8481385,169424,2.00,9.55,8745,8005549.37,5.16,4.95
244,"Back to School Festival 2024 - YouTube - 244",YouTube,Retargeting,Completed,2024-05-03,2024-07-11,580136.00,472765.00,107371.00,81.49,1879501,34930,1.86,13.53,1245,3002057.75,3.56,6.35
250,"Summer Bonanza 2024 - YouTube - 250",YouTube,"App Install",Completed,2024-03-15,2024-04-01,552445.00,393312.15,159132.85,71.19,3005034,128090,4.26,3.07,5806,1950828.26,4.53,4.96
286,"Grocery Carnival 2025 - YouTube - 286",YouTube,"App Install",Completed,2025-08-31,2025-11-15,1373637.00,1328205.30,45431.70,96.69,8957493,166107,1.85,8.00,5029,3373641.46,3.03,2.54
304,"Summer Drive 2024 - YouTube - 304",YouTube,"Festival Sale",Completed,2024-10-02,2024-12-08,377482.00,337548.73,39933.27,89.42,1479143,22625,1.53,14.92,738,2001663.97,3.26,5.93
308,"Summer Drive 2025 - YouTube - 308",YouTube,"Loyalty Campaign",Completed,2025-02-17,2025-04-13,719927.00,559979.29,159947.71,77.78,2866663,81956,2.86,6.83,1783,3018288.37,2.18,5.39
313,"Fashion Launch 2024 - YouTube - 313",YouTube,"Customer Acquisition",Completed,2024-06-03,2024-07-05,1294125.00,1252523.46,41601.54,96.79,4208792,84229,2.00,14.87,5316,3118783.42,6.31,2.49
314,"Weekend Campaign 2025 - YouTube - 314",YouTube,Retargeting,Completed,2025-05-14,2025-07-10,1430640.00,1026346.97,404293.03,71.74,5096832,113804,2.23,9.02,6677,4793040.35,5.87,4.67
325,"Winter Sale 2025 - YouTube - 325",YouTube,"Festival Sale",Completed,2025-03-12,2025-04-10,1886770.00,1399074.54,487695.46,74.15,5915854,156788,2.65,8.92,10148,9443753.14,6.47,6.75
327,"Winter Carnival 2025 - YouTube - 327",YouTube,"Flash Sale",Completed,2025-10-26,2025-12-01,317502.00,261878.29,55623.71,82.48,1157038,49844,4.31,5.25,2687,654695.72,5.39,2.50
333,"End of Season Bonanza 2024 - YouTube - 333",YouTube,"Brand Awareness",Completed,2024-01-01,2024-01-27,1966697.00,1676611.79,290085.21,85.25,10663215,410550,3.85,4.08,27719,5868141.27,6.75,3.50
348,"End of Season Sale 2024 - YouTube - 348",YouTube,"Product Launch",Completed,2024-02-10,2024-03-15,1722484.00,1687542.65,34941.35,97.97,7311407,279048,3.82,6.05,12425,7847073.32,4.45,4.65
350,"New Year Offers 2025 - YouTube - 350",YouTube,"Customer Acquisition",Completed,2025-11-10,2026-01-06,1678433.00,1486225.87,192207.13,88.55,7233147,250604,3.46,5.93,14436,7535165.16,5.76,5.07
357,"Kids Launch 2024 - YouTube - 357",YouTube,"App Install",Completed,2024-03-29,2024-05-19,928612.00,879058.21,49553.79,94.66,7001800,143336,2.05,6.13,4442,4931516.56,3.10,5.61
359,"Electronics Offers 2024 - YouTube - 359",YouTube,"Festival Sale",Completed,2024-03-28,2024-05-21,965399.00,938067.02,27331.98,97.17,3432840,68608,2.00,13.67,2003,4587147.73,2.92,4.89
362,"End of Season Bonanza 2024 - YouTube - 362",YouTube,"Brand Awareness",Completed,2024-11-21,2025-02-06,1554287.00,1360391.22,193895.78,87.53,6133431,170247,2.78,7.99,6097,5251110.11,3.58,3.86
389,"Christmas Offers 2025 - YouTube - 389",YouTube,"App Install",Completed,2025-07-26,2025-10-23,1371636.00,1356434.35,15201.65,98.89,6719791,195804,2.91,6.93,3961,3336828.50,2.02,2.46
396,"Big Savings Bonanza 2025 - YouTube - 396",YouTube,"App Install",Completed,2025-05-17,2025-06-24,934413.00,716347.02,218065.98,76.66,3200839,54078,1.69,13.25,3242,2958513.19,6.00,4.13
406,"Electronics Week 2024 - YouTube - 406",YouTube,"Festival Sale",Completed,2024-10-04,2024-12-14,1192481.00,1180148.13,12332.87,98.97,6067037,130053,2.14,9.07,2751,6490814.71,2.12,5.50
407,"Mega Festival 2024 - YouTube - 407",YouTube,"Customer Acquisition",Completed,2024-03-22,2024-05-02,233782.00,229349.05,4432.95,98.10,1117830,18873,1.69,12.15,1104,1004548.84,5.85,4.38
413,"Diwali Carnival 2025 - YouTube - 413",YouTube,"Seasonal Sale",Completed,2025-02-25,2025-05-22,1599333.00,1473202.17,126130.83,92.11,7747571,218811,2.82,6.73,7253,5627632.29,3.31,3.82
418,"Diwali Launch 2024 - YouTube - 418",YouTube,"Customer Acquisition",Completed,2024-01-13,2024-02-12,1717376.00,1704481.36,12894.64,99.25,10362269,516131,4.98,3.30,15462,9442826.73,3.00,5.54
437,"Smart Shopping Offers 2024 - YouTube - 437",YouTube,"Loyalty Campaign",Completed,2024-11-03,2024-11-29,1639867.00,1185886.99,453980.01,72.32,6645688,211922,3.19,5.60,9412,7637112.22,4.44,6.44
444,"Diwali Offers 2025 - YouTube - 444",YouTube,"Loyalty Campaign",Completed,2025-09-30,2025-11-02,1537302.00,1248514.03,288787.97,81.21,4869549,218383,4.48,5.72,5594,2247325.25,2.56,1.80
449,"Summer Sale 2025 - YouTube - 449",YouTube,"Product Launch",Completed,2025-04-13,2025-07-08,618818.00,604387.80,14430.20,97.67,3455876,111098,3.21,5.44,6356,967020.48,5.72,1.60
450,"Big Savings Bonanza 2024 - YouTube - 450",YouTube,"App Install",Completed,2024-12-29,2025-02-20,1802662.00,1295398.16,507263.84,71.86,7785673,222288,2.86,5.83,15559,9003017.21,7.00,6.95
453,"Big Savings Carnival 2024 - YouTube - 453",YouTube,"Product Launch",Completed,2024-05-21,2024-07-14,1001910.00,1000613.27,1296.73,99.87,3384568,67963,2.01,14.72,4529,6544010.79,6.66,6.54
457,"Super Carnival 2024 - YouTube - 457",YouTube,"Seasonal Sale",Completed,2024-07-07,2024-09-09,505295.00,388006.89,117288.11,76.79,2004726,98048,4.89,3.96,6497,2611286.37,6.63,6.73
485,"Republic Day Promotion 2024 - YouTube - 485",YouTube,Retargeting,Completed,2024-01-16,2024-04-11,834670.00,721830.71,112839.29,86.48,4276517,205335,4.80,3.52,12361,3363731.11,6.02,4.66
